Record_ID,First_Name,Last_Name,Date_of_Birth,NIN,Phone_Number,Label
SIM_46717,Ruth,Ibrahim,1985-12-27,53009351980,+2349121510258,Anomaly_NIN
SIM_54883,Daniel,Okonkwo,03-11-1995,13064999718,+2347093225430,Anomaly_Format
SIM_10430,Esther,Adeyemi,1984-10-25,55290680319,+2348170444055,Normal
SIM_10046,Angela,Ekwueme,1981-05-20,95718103993,+2348198963033,Normal
SIM_10526,Victoria,Olawale,1955-01-12,90428196192,+2349187960219,Normal
SIM_10147,Benjamin,Chukwu,1969-06-11,85351635939,+2348006611349,Normal
SIM_10271,Hope,Abiola,1969-07-10,25803600856,+2349067507644,Normal
SIM_10356,Comfort,Eze,1964-12-23,96526798908,+2347060240626,Normal
SIM_10305,Samuel,Eze,1955-07-13,12842243182,+2348199674777,Normal
SIM_10252,Benjamin,Chukwu,1992-10-26,56184854410,+2348194729385,Normal
SIM_61259,Viatoria,Nnaman,1980-04-16,44577747317,+2349003350175,Anomaly_Fuzzy
SIM_10214,Sarah,Ojo,1967-11-23,24912132471,+2347038268604,Normal
SIM_52602,Philip,Oyekan,1962-06-07,55410656411,+2349052276626,Anomaly_Exact
SIM_10397,Simon,Okafor,1996-03-11,12954133846,+2349166962404,Normal
SIM_10205,Gabriel,Oshodi,1976-01-02,67231075747,+2348065200750,Normal
SIM_10654,Paul,Uche,1974-08-02,20947104551,+2348170693687,Normal
SIM_10630,Gabriel,Balogun,1975-12-14,26278094890,+2347055259767,Normal
SIM_40191,Gloria,Eze,2001-12-05,68532318949,+2349017753635,Anomaly_Exact
SIM_40344,Comfor,Chukw,1948-10-26,83297184780,+2349160419791,Anomaly_Fuzzy
SIM_73191,Ruth,Abiola,14-09-2000,87186701202,+2347072622737,Anomaly_Format
SIM_10405,Joshua,Obi,1957-04-16,13671593309,+2349053292766,Normal
SIM_10686,Joshua,Akinwale,1965-05-14,52111571247,+2348082637447,Normal
SIM_32594,Daniel,Balogun,1962-03-16,66478326118,+2349053841439,Anomaly_Identity_Mismatch
SIM_10140,Deborah,Akinwale,1946-01-13,85329029772,+2348035545207,Normal
SIM_20190,Esther,Oyekan,1977-05-09,99660655169,+2349066623598,Anomaly_NIN
SIM_10120,Faith,Obasanjo,1952-03-07,37549404829,+2349128221252,Normal
SIM_10587,Joseph,Ogunleye,1993-12-26,28671286174,+2349042141882,Normal
SIM_10240,Peter,Okonkwo,1962-03-16,66478326118,+2349053841439,Normal
SIM_10190,Peter,Okafor,1977-09-16,94081591950,+2347029665145,Normal
SIM_10578,Esther,Adeyemi,1949-04-01,92989885695,+2348085117187,Normal
SIM_10044,Gabriel,Ojo,1985-12-17,49917144203,+2347007059050,Normal
SIM_10201,Angela,Ogunleye,1996-10-08,77995658809,+2348141223130,Normal
SIM_76645,Victoria,Ibrahim,2001-07-06,27929130899,+2348040091844,Anomaly_Exact
SIM_10262,Nathaniel,Oyekan,2000-05-16,72453519088,+2349148543651,Normal
SIM_10177,James,Abiola,1973-12-27,22461000693,+2349043557114,Normal
SIM_10064,David,Akinwale,1997-06-28,92055210201,+2348095369735,Normal
SIM_42462,Emmanuel,Adeyemi,21-12-1977,75013881170,+2347065575248,Anomaly_Format
SIM_10025,Joy,Abiola,1990-12-25,18487421182,+2349109986285,Normal
SIM_10180,Comfort,Okonkwo,1966-01-20,78196874792,+2349104502424,Normal
SIM_10173,Grace,Oyekan,1966-09-27,37461602717,+2348108943762,Normal
SIM_80862,Peter,Oshodi,1960-07-06,84990374488,+2349118153582,Anomaly_Exact
SIM_10367,Blessing,Akinwale,1955-03-22,96577442871,+2348012624536,Normal
SIM_22207,Esther,Akinwale,1993-05-25,59264428157,+2348134647386,Anomaly_NIN
SIM_40630,Elizabeth,Okonkwo,11-12-1971,65480150641,+2347014051141,Anomaly_Format
SIM_10501,Grace,Ekwueme,1972-07-05,32551657540,+2349034132738,Normal
SIM_91901,Joshua,Eze,1989-05-06,42656047170,+2348047491909,Anomaly_Identity_Mismatch
SIM_10273,Angela,Balogun,1983-03-14,49758212621,+2347052787590,Normal
SIM_10157,Cornelius,Okafor,1960-07-18,84877323087,+2348095965741,Normal
SIM_57547,Joy,Ekwueme,1963-10-24,68646788555,+2348102533636,Anomaly_Exact
SIM_10338,Nathaniel,Obasanjo,1948-02-11,85082544062,+2347022544924,Normal
SIM_67333,Hope,Abiola,1960-10-16,34252106864,+2349007466505,Anomaly_NIN
SIM_10216,Samuel,Abiola,2002-01-20,57270651739,+2348173415923,Normal
SIM_10500,Esther,Okafor,1973-07-15,55138500903,+2347036782817,Normal
SIM_45725,Simon,Oshodi,1971-03-28,33751991993,+2349140319683,Anomaly_Identity_Mismatch
SIM_10681,Elizabeth,Ogunleye,1958-02-02,61555659474,+2348142829235,Normal
SIM_10678,Grace,Balogun,1953-11-05,95982337100,+2348134790223,Normal
SIM_56592,Stephen,Olawale,16-07-1998,70944596573,+2348181724132,Anomaly_Format
SIM_10034,Juliet,Ogunleye,1959-11-05,96680466838,+2348079773763,Normal
SIM_10561,Cornelius,Ogunleye,1960-06-15,67442180051,+2347081811945,Normal
SIM_10357,Esther,Oshodi,1953-08-22,22376755963,+2349188996448,Normal
SIM_10469,James,Obasanjo,1959-05-05,88434240733,+2348148235960,Normal
SIM_10313,Juliet,Oyekan,1949-06-23,98489055650,+2348197918401,Normal
SIM_77839,Deborah,Ibrahim,1959-04-15,46732324633,+2348006043747,Anomaly_Identity_Mismatch
SIM_29996,Juliet,Nnamani,1950-06-26,37464375863,+2349082144141,Anomaly_Identity_Mismatch
SIM_10029,Elizabeth,Balogun,2008-05-07,15825453957,+2347093344641,Normal
SIM_39420,Hop,Oshod,1970-05-17,85318762315,+2348086578872,Anomaly_Fuzzy
SIM_10077,Samuel,Okafor,1949-12-18,15955447835,+2349129196209,Normal
SIM_10230,Emmanuel,Olawale,1989-02-11,83077746305,+2348142793719,Normal
SIM_93927,Hope,Ibrahim,1948-05-17,38806140252,+2348162824329,Anomaly_Identity_Mismatch
SIM_10053,Joshua,Ibrahim,2007-06-25,49885205404,+2348021961909,Normal
SIM_57645,Mary,Oyekan,1962-05-31,88201236531,+2348044131605,Anomaly_NIN
SIM_56053,Stephen,Okonkwo,1950-03-17,33937600335,+2348111215809,Anomaly_NIN
SIM_10403,Paul,Okafor,1981-07-10,72768206576,+2349047727935,Normal
SIM_10467,Andrew,Oyekan,1946-10-30,44263539534,+2349003551080,Normal
SIM_48931,Agnes,Eze,1987-04-02,57893699514,+2349014806469,Anomaly_Identity_Mismatch
SIM_44922,Jop,Nnamawi,1974-09-07,30817880371,+2349132360613,Anomaly_Fuzzy
SIM_10228,Peace,Okonkwo,2007-02-03,54444115710,+2348192430378,Normal
SIM_78840,Pete,Oshod,1960-07-06,84990374488,+2349118153582,Anomaly_Fuzzy
SIM_10461,Esther,Okafor,2003-08-04,81175745391,+2349003491330,Normal
SIM_72684,Mary,Balogun,1986-10-09,65276652663,+2349046827225,Anomaly_Identity_Mismatch
SIM_10312,Ruth,Ojo,1966-02-27,28318769608,+2349080295758,Normal
SIM_10272,Mark,Ogunleye,1964-05-28,34041865342,+2348011693392,Normal
SIM_40865,Stephen,Chukwu,1971-03-31,12760603286,+2348124201423,Anomaly_Exact
SIM_73021,Nathaniel,Olawale,1959-09-26,51787485109,+2349046540935,Anomaly_NIN
SIM_10591,Agnes,Oyekan,1956-03-06,73424220760,+2348188390442,Normal
SIM_10178,Elizabeth,Obi,1987-04-06,73564139819,+2348051426667,Normal
SIM_10539,Simon,Obasanjo,1978-06-29,36474882211,+2348001170517,Normal
SIM_51272,Michael,Olawale,1974-10-07,33722806097,+2347048922620,Anomaly_NIN
SIM_10167,Angela,Ibrahim,1953-03-31,62127761060,+2348145912597,Normal
SIM_10407,Elizabeth,Oyekan,1991-11-12,64188016389,+2348040876605,Normal
SIM_10068,Angela,Ojo,1959-10-16,16894103713,+2349094890910,Normal
SIM_10238,Peace,Adeyemi,1969-03-11,37889393131,+2349049023356,Normal
SIM_10463,Patience,Akinwale,2006-09-26,57032616644,+2348108105140,Normal
SIM_73626,Peace,Olawale,1953-04-07,54596878581,+2349164179081,Anomaly_Identity_Mismatch
SIM_81846,Andrew,Oyekan,1974-08-26,21287788513,+2348009098782,Anomaly_Identity_Mismatch
SIM_52767,Joshua,Olawale,1985-11-13,06969741544,+2348024040139,Anomaly_NIN
SIM_97152,Paul,Obi,2007-10-23,80319342783,+2349137948478,Anomaly_Identity_Mismatch
SIM_10592,Patience,Nnamani,2007-11-04,18994520074,+2348169969423,Normal
SIM_48257,Agnes,Balogun,23-11-1999,92693024564,+2349098281701,Anomaly_Format
SIM_10593,Simon,Adetokunbo,1973-03-12,87307388780,+2348169975976,Normal
SIM_10211,Peace,Olawale,1954-10-17,35886366058,+2348103682114,Normal
SIM_10431,Patience,Eze,1951-07-06,34196974324,+2348155818718,Normal
SIM_40390,Pau,Oyeka,1945-07-27,24699263593,+2349178776790,Anomaly_Fuzzy
SIM_10358,Emmanuel,Oyekan,1999-10-09,15930340367,+2349180081781,Normal
SIM_10170,Deborah,Okonkwo,1980-10-03,40961251176,+2348062809371,Normal
SIM_83769,Victoria,Ekwueme,2006-04-04,91274627571,+2348102716525,Anomaly_Exact
SIM_99466,Blessing,Ibrahim,31-05-1983,94586610395,+2349124689531,Anomaly_Format
SIM_10379,Mary,Abiola,1992-11-03,34691564033,+2347046696877,Normal
SIM_51610,Peace,Uche,1958-05-18,44741950521,+2348080110362,Anomaly_Identity_Mismatch
SIM_61383,Angela,Ekwueme,20-05-1981,95718103993,+2348198963033,Anomaly_Format
SIM_10141,Daniel,Olawale,2005-06-21,79939728143,+2349156772090,Normal
SIM_10453,Joseph,Okafor,2005-10-02,57239977571,+2347042630318,Normal
SIM_65592,Patience,Okafor,1975-08-09,22660655695,+2349035102148,Anomaly_NIN
SIM_50816,Michael,Adeyemi,1955-12-18,44569801375,+2347050319088,Anomaly_Exact
SIM_10635,Samuel,Adetokunbo,1979-07-16,91875316373,+2349094346332,Normal
SIM_83068,Mary,Uche,1966-03-26,38376281793,+2349057846575,Anomaly_Exact
SIM_10232,Blessing,Obi,1948-10-18,25907587255,+2348183493053,Normal
SIM_10132,Simon,Oyekan,1959-09-17,52356509985,+2348161812581,Normal
SIM_10039,Ruth,Ojo,2006-06-22,99958080016,+2347015782276,Normal
SIM_10458,Joseph,Oshodi,1987-04-10,96861958570,+2349088204175,Normal
SIM_73205,David,Akinwale,1959-06-22,87040587968,+2349078121920,Anomaly_Exact
SIM_10527,Emmanuel,Olawale,1996-02-24,31007449064,+2349014399897,Normal
SIM_10658,Patience,Olawale,1981-03-05,20374445130,+2349053866966,Normal
SIM_67281,Stzphen,Eke,1980-01-19,98134266101,+2348011145152,Anomaly_Fuzzy
SIM_10057,Gabriel,Akinwale,1998-05-12,79462907140,+2348022135195,Normal
SIM_10529,Sarah,Ekwueme,1968-07-29,48662407709,+2349162172643,Normal
SIM_10482,David,Oshodi,1975-11-18,14446166055,+2349196829929,Normal
SIM_64059,Esther,Olawale,1980-12-31,94710785297,+2348122693869,Anomaly_Identity_Mismatch
SIM_10239,Stephen,Olawale,1998-07-16,70944596573,+2348181724132,Normal
SIM_37789,Samuel,Chukwu,1951-09-25,65710864126,+2349113000716,Anomaly_Identity_Mismatch
SIM_10626,Mark,Adeyemi,1989-01-03,60660496487,+2349097168649,Normal
SIM_10499,Comfort,Abiola,1974-08-23,34096260698,+2348027534388,Normal
SIM_82518,Victoria,Adeyemi,1956-07-31,05637206058,+2349000421374,Anomaly_NIN
SIM_10081,James,Obasanjo,1984-08-02,20094198304,+2349049691262,Normal
SIM_10518,Nathaniel,Obasanjo,1960-10-07,94075256491,+2347030476834,Normal
SIM_49071,Dnaiel,cUhe,1979-11-20,77207479349,+2347099866507,Anomaly_Fuzzy
SIM_10434,James,Akinwale,2005-01-07,88696448324,+2348043941043,Normal
SIM_61150,Mary,Okafor,1963-06-14,20003801943,+2348147904950,Anomaly_Exact
SIM_98849,Benjamin,Chukwu,1968-04-01,60652920546,+2348096409817,Anomaly_Identity_Mismatch
SIM_10584,Juliet,Abiola,1967-04-04,17091730743,+2347064837948,Normal
SIM_10643,John,Olawale,1946-09-02,59182871223,+2347014078970,Normal
SIM_10674,Cornelius,Ibrahim,1972-06-22,30247436007,+2349087072648,Normal
SIM_10410,Blessing,Balogun,1976-08-25,43929170623,+2349058813819,Normal
SIM_10582,Ruth,Akinwale,1999-04-05,65188272914,+2349179669573,Normal
SIM_95964,Daneil,kOonkwo,1995-11-03,13064999718,+2347093225430,Anomaly_Fuzzy
SIM_10698,James,Olawale,1961-06-08,92309896449,+2349175099364,Normal
SIM_10608,Hope,Abiola,1960-10-16,34252116864,+2349007466505,Normal
SIM_96205,John,Ogunleye,07-11-1997,55593328086,+2347078971147,Anomaly_Format
SIM_93719,Hope,Okonkwo,1972-06-22,30247436007,+2349087072648,Anomaly_Identity_Mismatch
SIM_10269,Elizabeth,Ogunleye,1947-05-01,19021964721,+2347084171423,Normal
SIM_10604,James,Ibrahim,1951-09-26,20770460031,+2348015927934,Normal
SIM_10427,Philip,Oyekan,1962-06-07,55410656411,+2349052276626,Normal
SIM_10102,Hope,Eze,1958-04-19,11366162196,+2349043069991,Normal
SIM_96758,David,Obi,20-12-1997,16946051585,+2348151967039,Anomaly_Format
SIM_97004,Cornelius,Oyekan,1976-11-11,86211951552,+2347068077070,Anomaly_Identity_Mismatch
SIM_10515,Paul,Oshodi,1960-08-20,87017501206,+2348135891563,Normal
SIM_53614,Philip,Akinwale,1958-10-20,99939874664,+2348032599031,Anomaly_Identity_Mismatch
SIM_10080,Hope,Abiola,1982-01-26,97163037373,+2349123160239,Normal
SIM_10372,Gloria,Balogun,2001-03-19,90408396324,+2347014391315,Normal
SIM_10022,Stephen,Chukwu,1971-03-31,12760603286,+2348124201423,Normal
SIM_10360,Comfort,Okonkwo,1982-12-16,30704188817,+2349173688197,Normal
SIM_10224,Nathaniel,Ojo,1978-06-04,95875480953,+2349143923018,Normal
SIM_10253,Cornelius,Oyekan,2000-03-11,86172463970,+2348195511654,Normal
SIM_10470,David,Akinwale,1959-06-22,87040587968,+2349078121920,Normal
SIM_10249,Cornelius,Obasanjo,1991-06-21,99487873389,+2347018617542,Normal
SIM_10279,Emmanuel,Olawale,1965-05-26,26192115924,+2348066414023,Normal
SIM_10638,Emmanuel,Ogunleye,1952-02-13,93597095165,+2349093970202,Normal
SIM_75685,Esther,Nnamani,1977-07-31,73193008687,+2348185738447,Anomaly_Identity_Mismatch
SIM_10134,Mark,Ibrahim,1978-08-15,35599598468,+2347049292033,Normal
SIM_10101,Deborah,Akinwale,1990-06-01,99820460576,+2349013438110,Normal
SIM_29516,Joy,Eze,1997-12-20,16946051585,+2348151967039,Anomaly_Identity_Mismatch
SIM_94959,Rut,Adeotkunbo,1970-01-04,81706639306,+2347098006567,Anomaly_Fuzzy
SIM_85223,Jamse,Osoodi,1952-05-10,10922698282,+2348047127833,Anomaly_Fuzzy
SIM_88547,Paul,Okafor,1952-05-16,71177872083,+2348127739465,Anomaly_NIN
SIM_10637,Michael,Nnamani,1960-08-27,21043546444,+2348178350663,Normal
SIM_74086,Daniel,Okonkwo,1995-11-03,13064999718,+2347093225430,Anomaly_Exact
SIM_20999,David,Adetokunbo,07-05-1971,52430751725,+2349159247636,Anomaly_Format
SIM_10276,Sarah,Oshodi,1983-02-26,63604856321,+2348188433582,Normal
SIM_10444,Patience,Balogun,1985-02-26,73602157876,+2348111737411,Normal
SIM_36601,Joseph,Ekwueme,1979-08-30,94655182000,+2349150714199,Anomaly_NIN
SIM_69394,Comfort,Okonkwo,1986-10-26,81530434565,+2347060090338,Anomaly_Exact
SIM_10435,Patience,Ibrahim,1979-07-11,57722979165,+2349036811233,Normal
SIM_10553,Juliet,Adetokunbo,1993-08-28,25455451025,+2349033372211,Normal
SIM_10337,Juliet,Obasanjo,1946-10-15,88936656315,+2348004478065,Normal
SIM_10088,Victoria,Ogunleye,1999-11-09,13105309521,+2348037079726,Normal
SIM_10389,Paul,Ojo,2004-08-23,69906505513,+2347040840534,Normal
SIM_10522,Nathaniel,Okonkwo,1957-08-27,38743671580,+2349158916123,Normal
SIM_10690,Deborah,Obi,1992-04-25,51771915064,+2348181932047,Normal
SIM_28692,Charity,Olawale,1951-08-02,89595122698,+2348169328219,Anomaly_Exact
SIM_10333,Esther,Olawale,1986-01-27,81998149496,+2349020954952,Normal
SIM_10103,Simon,Abiola,1949-05-10,38176788685,+2349057737859,Normal
SIM_10391,Mark,Ogunleye,1987-10-16,42367965240,+2347030720076,Normal
SIM_10612,Grace,Oyekan,1954-04-18,43483370959,+2349172131927,Normal
SIM_62879,Hope,Ekwueme,1999-05-03,31637844022,+2348085351770,Anomaly_Exact
SIM_10484,Joseph,Ekwueme,1979-08-30,94755182000,+2349150714199,Normal
SIM_92744,Esther,Oshodi,22-08-1953,22376755963,+2349188996448,Anomaly_Format
SIM_39394,Daniel,Ekwueme,1954-06-14,79870699827,+2349113138848,Anomaly_Exact
SIM_55643,David,Obasanjo,1956-09-12,25267167189,+2349127856339,Anomaly_Identity_Mismatch
SIM_10394,Mary,Oshodi,2004-09-28,99074766470,+2347036341777,Normal
SIM_70840,Victori,Adxyemi,1956-07-31,25637206058,+2349000421374,Anomaly_Fuzzy
SIM_10489,Joseph,Oshodi,1993-11-08,38257144425,+2349082641784,Normal
SIM_10641,Charity,Eze,1997-01-06,59555041282,+2348046396056,Normal
SIM_10566,Paul,Okafor,1952-05-16,71173872083,+2348127739465,Normal
SIM_10004,Deborah,Adeyemi,1947-05-28,12207256077,+2348198457284,Normal
SIM_68056,Paul,Okafor,19-12-1953,39474343924,+2348063251552,Anomaly_Format
SIM_10334,Peter,Ojo,1995-05-12,58869237737,+2347097977450,Normal
SIM_24127,Sarah,Ojo,23-11-1967,24912132471,+2347038268604,Anomaly_Format
SIM_44265,Joshua,Abiola,1968-08-18,47615485717,+2348040799133,Anomaly_NIN
SIM_10352,Sarah,Adeyemi,1958-02-21,54434254587,+2349106216214,Normal
SIM_10186,Michael,Uche,1980-06-14,92950374735,+2349027115379,Normal
SIM_51398,Benjami,cUhe,2000-05-27,14265985720,+2348048620506,Anomaly_Fuzzy
SIM_10036,Blessing,Eze,1963-05-27,11274912587,+2348024626980,Normal
SIM_10280,Stephen,Adetokunbo,1992-06-14,91566556335,+2347008303423,Normal
SIM_10105,Mary,Adeyemi,1948-10-15,49843251878,+2348145042046,Normal
SIM_10496,Agnes,Uche,1976-04-02,53436656592,+2349180387492,Normal
SIM_10113,Faith,Olawale,1973-11-26,20020075654,+2349001660988,Normal
SIM_10149,Paul,Okafor,2004-03-18,27730581746,+2349139740389,Normal
SIM_10284,Deborah,Akinwale,1967-11-20,74337750016,+2349172949292,Normal
SIM_10533,Gabriel,Oyekan,1948-10-05,96695413403,+2349151369098,Normal
SIM_10524,Grace,Nnamani,1945-10-16,65933118466,+2347069871991,Normal
SIM_10655,John,Oyekan,1969-05-21,27387879212,+2348049548625,Normal
SIM_10439,David,Eze,1996-09-11,37136853997,+2348144347493,Normal
SIM_10255,Peter,Nnamani,1981-08-18,14629486200,+2348059751393,Normal
SIM_30749,David,Okonkwo,1976-07-24,90306746773,+2348120550955,Anomaly_NIN
SIM_10325,Daniel,Akinwale,1960-09-03,90844493602,+2349185719615,Normal
SIM_40175,Deborah,Nnamani,25-01-1950,20579842298,+2349180072646,Anomaly_Format
SIM_69220,Joy,Adeyemi,17-04-2004,59000213386,+2349096560705,Anomaly_Format
SIM_10602,Michael,Uche,1983-05-31,21144592321,+2348183043167,Normal
SIM_63703,Joshua,Nnamani,1975-07-13,13608464335,+2348102260926,Anomaly_Identity_Mismatch
SIM_68333,Daniel,Abiola,1966-11-06,64649733676,+2347094820926,Anomaly_NIN
SIM_10454,Peace,Eze,1971-10-28,22626828874,+2349163467538,Normal
SIM_10549,Joy,Olawale,1972-05-25,71166970379,+2349139242964,Normal
SIM_10402,Joy,Nnamani,1974-09-07,30817880371,+2349132360613,Normal
SIM_34860,Juliet,Abiola,1967-04-04,12091730743,+2347064837948,Anomaly_NIN
SIM_10071,Patience,Ekwueme,2006-08-06,49559473277,+2349026310465,Normal
SIM_10165,Joseph,Oyekan,1974-12-13,86869393446,+2349063458111,Normal
SIM_10666,Grace,Eze,1948-05-23,20312150333,+2349152510495,Normal
SIM_10014,Elizabeth,Chukwu,1969-10-21,36714630159,+2348093204931,Normal
SIM_10460,Patience,Abiola,1975-07-20,14547497209,+2349139420545,Normal
SIM_10634,Joy,Okonkwo,1973-08-11,48535674655,+2347091022860,Normal
SIM_10016,Peter,Ekwueme,1981-11-13,79976736384,+2348136693421,Normal
SIM_10012,Paul,Abiola,1997-05-01,74415724269,+2348113206268,Normal
SIM_10006,Gloria,Oyekan,1947-03-08,97115591177,+2348060608185,Normal
SIM_82092,Mark,Abiola,13-03-2002,97292149592,+2348028547891,Anomaly_Format
SIM_10544,James,Balogun,1965-01-27,69072884267,+2348032631201,Normal
SIM_78961,Faith,Oyekan,1976-05-14,25262183758,+2347012108921,Anomaly_Identity_Mismatch
SIM_10610,Simon,Chukwu,1979-12-04,73951877531,+2348059725512,Normal
SIM_10156,Philip,Ekwueme,1969-03-03,27588251636,+2348060692261,Normal
SIM_10579,Patience,Uche,1950-08-07,21960917201,+2348016565248,Normal
SIM_10627,Charity,Nnamani,1983-02-11,42221821121,+2347068334781,Normal
SIM_10171,Peace,Abiola,1970-02-28,64145255693,+2348194579495,Normal
SIM_10466,Blessing,Olawale,1990-06-24,49579575065,+2348192373808,Normal
SIM_10019,Faith,Nnamani,1984-08-31,26171396568,+2349119596696,Normal
SIM_46144,Patience,Adetokunbo,1947-12-24,55304032690,+2348065113582,Anomaly_Identity_Mismatch
SIM_10277,Benjamin,Oshodi,1989-05-01,30863998929,+2348135134940,Normal
SIM_56612,Philip,Eze,1947-01-15,20927680402,+2348062187832,Anomaly_NIN
SIM_10456,Peace,Ojo,1985-05-06,64043417611,+2349130896219,Normal
SIM_10344,Mary,Chukwu,2003-09-30,77341374837,+2349174314907,Normal
SIM_10032,Peter,Ogunleye,1972-09-04,35334022748,+2348008734437,Normal
SIM_51881,Hope,Abiola,1960-10-16,34252116864,+2349007466505,Anomaly_Exact
SIM_10200,Blessing,Ibrahim,1983-05-31,94586610395,+2349124689531,Normal
SIM_10617,Patience,Okafor,1975-08-09,22666655695,+2349035102148,Normal
SIM_97444,David,Oshodi,1975-06-21,56307747084,+2348059963660,Anomaly_NIN
SIM_10000,Daniel,Okonkwo,1995-11-03,13064999718,+2347093225430,Normal
SIM_10555,Victoria,Okonkwo,1967-06-24,81203034246,+2349163876025,Normal
SIM_10443,Peace,Chukwu,1976-04-28,84235988126,+2349029500354,Normal
SIM_10574,David,Oshodi,1975-06-21,56307747684,+2348059963660,Normal
SIM_63412,Hope,Abiola,1969-07-10,25803600856,+2349067507644,Anomaly_Exact
SIM_10457,Paul,Ojo,1989-12-11,77178202693,+2348092318483,Normal
SIM_28292,Grace,Oyekan,18-04-1954,43483370959,+2349172131927,Anomaly_Format
SIM_97110,John,Ogunleye,1997-11-07,75593328086,+2347078971147,Anomaly_NIN
SIM_10159,Grace,Balogun,2004-03-12,86187943560,+2347095900738,Normal
SIM_10455,Blessing,Nnamani,1991-01-02,94948889306,+2349117210687,Normal
SIM_10076,Stephen,Okonkwo,1950-03-17,33937606335,+2348111215809,Normal
SIM_10204,Comfort,Ekwueme,2006-06-07,38074201095,+2349033184941,Normal
SIM_10371,Sarah,Ogunleye,1998-12-24,92734523128,+2349053350768,Normal
SIM_34213,Joseph,Akinwale,17-07-1991,58619734353,+2348037420365,Anomaly_Format
SIM_51359,Jamns,hCukwu,1991-06-05,99541398225,+2348012474695,Anomaly_Fuzzy
SIM_10061,Cornelius,Okafor,1949-04-26,16500724489,+2347053919748,Normal
SIM_10172,Deborah,Olawale,1990-07-30,90650393719,+2347058175168,Normal
SIM_10696,Gabriel,Okonkwo,1955-02-03,18189440114,+2347002504746,Normal
SIM_58314,Runh,Ibrahi,1985-12-27,53009331980,+2349121510258,Anomaly_Fuzzy
SIM_10572,Juliet,Oyekan,1967-05-16,84918231938,+2348188017210,Normal
SIM_85095,Argela,Balojun,1983-03-14,49758212621,+2347052787590,Anomaly_Fuzzy
SIM_35187,Joshu,Abioal,1968-08-18,47615485715,+2348040799133,Anomaly_Fuzzy
SIM_10575,Cornelius,Balogun,1985-08-15,56107253466,+2348017009072,Normal
SIM_10657,Joshua,Olawale,1980-12-31,94710785297,+2348122693869,Normal
SIM_10007,Comfort,Abiola,1994-02-06,70677017673,+2347067249590,Normal
SIM_10331,Cornelius,Adetokunbo,1963-11-26,34153063138,+2349007590538,Normal
SIM_10497,Gloria,Oyekan,1974-08-26,21287788513,+2348009098782,Normal
SIM_10323,Stephen,Balogun,1998-12-27,49977644597,+2349128453648,Normal
SIM_10507,Joseph,Nnamani,2000-08-13,66440342614,+2348098445911,Normal
SIM_10193,Elizabeth,Oshodi,1972-07-28,69640047310,+2348010156099,Normal
SIM_10195,John,Chukwu,1998-05-07,82688997024,+2349151812327,Normal
SIM_10303,David,Adetokunbo,1978-11-03,33031432604,+2348091899345,Normal
SIM_10521,Comfort,Okonkwo,1986-10-26,81530434565,+2347060090338,Normal
SIM_10136,Deborah,Balogun,1948-05-17,38806140252,+2348162824329,Normal
SIM_10606,Emmanuel,Nnamani,1966-05-24,56863067117,+2349017820606,Normal
SIM_77098,Deborah,Oyekan,2001-05-03,31957093470,+2348187505010,Anomaly_Exact
SIM_10278,Hope,Ekwueme,1999-05-03,31637844022,+2348085351770,Normal
SIM_10183,Mary,Ekwueme,1975-06-10,81161493200,+2349060900785,Normal
SIM_10207,Nathaniel,Ibrahim,1978-05-09,27044148338,+2347084333074,Normal
SIM_10366,Charity,Oshodi,1961-12-17,22144229485,+2348033225482,Normal
SIM_10440,Stephen,Adetokunbo,2002-12-06,54031438865,+2348097072723,Normal
SIM_10332,Gloria,Akinwale,1978-12-24,59775751668,+2348174734095,Normal
SIM_89565,Debora,Okafo,1957-05-06,62373782005,+2348024935274,Anomaly_Fuzzy
SIM_10222,Peace,Oyekan,2006-06-22,25319295201,+2349120126731,Normal
SIM_10364,Simon,Ibrahim,1993-05-19,64932595710,+2347010360106,Normal
SIM_28768,Hvpe,Uceh,1990-06-19,88417483116,+2348030129473,Anomaly_Fuzzy
SIM_10623,Simon,Adetokunbo,1979-08-07,37533115246,+2348024068849,Normal
SIM_91068,Gloria,Adetokunbo,1976-11-11,86211951552,+2347068077070,Anomaly_Exact
SIM_10176,Victoria,Uche,1983-02-07,33927449957,+2347033338149,Normal
SIM_10001,Nathaniel,Okafor,1960-07-25,67172389257,+2348184115409,Normal
SIM_10145,Peter,Uche,1970-03-11,58087613214,+2348003005811,Normal
SIM_10451,James,Adeyemi,1947-11-28,24877345150,+2349069774248,Normal
SIM_10511,Joy,Ojo,2004-06-13,28266073305,+2349123798228,Normal
SIM_10070,Cornelius,Adetokunbo,1991-01-31,48437201389,+2349196367678,Normal
SIM_10324,Ruth,Abiola,1974-04-22,72567064927,+2349039273834,Normal
SIM_10124,Benjamin,Nnamani,1964-10-08,23974641038,+2348195977173,Normal
SIM_10185,Charity,Obi,1990-03-18,41082390137,+2347085169195,Normal
SIM_10308,Sarah,Oyekan,1985-12-10,37131251763,+2349158433118,Normal
SIM_10166,Joy,Ogunleye,1975-01-27,62720392810,+2349071339474,Normal
SIM_10112,Ruth,Oyekan,1948-01-30,35715438632,+2348037375362,Normal
SIM_10419,Elizabeth,Obasanjo,1969-10-20,23228785629,+2348012233291,Normal
SIM_10266,Michael,Balogun,2005-05-16,45131340444,+2347059960428,Normal
SIM_10116,Mary,Okafor,1963-06-14,20003801943,+2348147904950,Normal
SIM_10468,Samuel,Ogunleye,1961-12-13,15112377748,+2347014985166,Normal
SIM_10359,Benjamin,Obi,1966-07-10,76777200329,+2349081473828,Normal
SIM_10110,David,Okafor,1972-11-07,98076526144,+2349028106322,Normal
SIM_63068,Gabrie,Baloggn,1975-12-14,26278094890,+2347055259767,Anomaly_Fuzzy
SIM_10226,Victoria,Obi,2002-07-28,32641128454,+2347059542185,Normal
SIM_10385,James,Ibrahim,1985-07-16,20713758808,+2347064811560,Normal
SIM_10015,Joy,Oyekan,1963-05-18,63829440155,+2347028781141,Normal
SIM_10596,Joseph,Akinwale,1991-07-17,58619734353,+2348037420365,Normal
SIM_63749,Esther,Ekwueme,1981-01-14,75760086638,+2348163366553,Anomaly_Exact
SIM_10060,Daniel,Nnamani,2005-03-04,43854034584,+2349038226127,Normal
SIM_10327,Paul,Olawale,1949-06-08,23702514630,+2348159837213,Normal
SIM_10581,Gloria,Adetokunbo,1976-11-11,86211951552,+2347068077070,Normal
SIM_10079,Gloria,Okafor,1964-04-29,18730378947,+2348066001821,Normal
SIM_10242,Paul,Okafor,1953-12-19,39474343924,+2348063251552,Normal
SIM_10285,Joy,Ekwueme,1963-10-24,68646788555,+2348102533636,Normal
SIM_22153,Patience,Akinwale,1970-12-23,90747804737,+2349105635553,Anomaly_Identity_Mismatch
SIM_10464,Joy,Adeyemi,1972-06-20,40849582772,+2349188634119,Normal
SIM_10547,James,Adetokunbo,1981-08-14,15136082509,+2348109600035,Normal
SIM_10028,Benjamin,Obi,1976-10-31,49671816859,+2348021224627,Normal
SIM_10676,Peter,Abiola,1964-11-05,62896417174,+2349014232783,Normal
SIM_10288,Daniel,Akinwale,1997-03-30,68472035969,+2348194272421,Normal
SIM_10400,Cornelius,Okonkwo,1948-07-04,29346506374,+2347033818451,Normal
SIM_10495,Mary,Adetokunbo,1986-01-11,70832798083,+2349169437378,Normal
SIM_10567,Paul,Balogun,1958-10-20,99939874664,+2348032599031,Normal
SIM_10413,Peace,Obi,1950-05-27,53019126655,+2347000689804,Normal
SIM_76362,Corneliu,Okonkw,1948-07-04,29346506374,+2347033818451,Anomaly_Fuzzy
SIM_10600,Paul,Nnamani,1966-06-27,93728950122,+2348043143941,Normal
SIM_10475,Peace,Balogun,1999-09-19,86387619490,+2349149424765,Normal
SIM_10605,Deborah,Ibrahim,1969-12-31,91987947432,+2347045563188,Normal
SIM_78336,David,Balogun,09-04-1969,65795339034,+2347044120530,Anomaly_Format
SIM_10447,Faith,Akinwale,1967-09-12,22841775106,+2348014436727,Normal
SIM_10316,Michael,Obi,1961-09-12,77839449587,+2349138680601,Normal
SIM_10368,Elizabeth,Abiola,2008-02-10,76538687260,+2349086195159,Normal
SIM_68546,Juliet,Obasanjo,1975-12-04,11216772220,+2348113212046,Anomaly_Exact
SIM_10256,Deborah,Nnamani,1950-01-25,20579842298,+2349180072646,Normal
SIM_10598,Angela,Eze,1968-01-23,67839209685,+2349117717274,Normal
SIM_10150,Gabriel,Obi,2005-05-10,59177514230,+2349188436818,Normal
SIM_10426,Joy,Okafor,1988-09-12,12032298363,+2347095298507,Normal
SIM_10415,Cornelius,Ojo,1992-05-08,69359187275,+2347023873756,Normal
SIM_10169,Mark,Adeyemi,1993-08-10,10680914949,+2348121120844,Normal
SIM_10545,Mary,Chukwu,1945-11-26,11473653527,+2348037048621,Normal
SIM_21112,Deborah,Ibrahim,1969-12-31,91987947432,+2347045563188,Anomaly_Exact
SIM_10291,Ruth,Ibrahim,1985-12-27,53009331980,+2349121510258,Normal
SIM_10326,Paul,Balogun,2001-08-18,82962561802,+2347080797565,Normal
SIM_10683,Agnes,Balogun,1999-11-23,92693024564,+2349098281701,Normal
SIM_10653,Gloria,Obasanjo,1961-11-03,98752772693,+2348064698470,Normal
SIM_10187,Faith,Ogunleye,1951-09-25,65710864126,+2349113000716,Normal
SIM_64588,Chairty,Balogu,1994-09-07,84308526342,+2348007226837,Anomaly_Fuzzy
SIM_10074,Grace,Okonkwo,1985-05-30,96647466188,+2349055845577,Normal
SIM_10448,Faith,Okafor,1989-06-13,98167124306,+2347016487809,Normal
SIM_45725,Mark,Oshodi,20-02-1953,10397285582,+2347047741880,Anomaly_Format
SIM_10506,Michael,Olawale,1974-10-07,33722896097,+2347048922620,Normal
SIM_10498,Joseph,Chukwu,2003-05-30,19818278764,+2348139273667,Normal
SIM_89865,Peace,Abiola,28-02-1970,64145255693,+2348194579495,Anomaly_Format
SIM_10346,Hope,Uche,1990-06-19,88417483116,+2348030129473,Normal
SIM_10373,John,Uche,1994-10-14,29649208883,+2347046567427,Normal
SIM_10494,Ruth,Akinwale,1993-11-02,18068943609,+2349001860092,Normal
SIM_10307,Benjamin,Chukwu,1983-05-09,52317794045,+2349017272405,Normal
SIM_10309,Faith,Okafor,1998-02-28,99866098217,+2348042833124,Normal
SIM_10328,Gabriel,Uche,1985-11-13,72293851602,+2349027900913,Normal
SIM_39265,Philip,Ekwueme,1969-03-03,27588251638,+2348060692261,Anomaly_NIN
SIM_48068,Esther,Oyekan,02-11-2000,53188004612,+2347072532022,Anomaly_Format
SIM_10336,Emmanuel,Olawale,1960-12-14,33719328699,+2348084216475,Normal
SIM_66777,Mary,Nnamani,1987-08-12,44839099194,+2349058957419,Anomaly_Identity_Mismatch
SIM_10396,David,Okafor,1988-04-29,73434322585,+2348060529261,Normal
SIM_10395,Peace,Adeyemi,1987-05-25,62477625501,+2347084112358,Normal
SIM_10392,Victoria,Olawale,2003-05-04,99097049457,+2349083469998,Normal
SIM_10215,Peace,Ekwueme,1973-09-02,96855571408,+2348002811255,Normal
SIM_92746,James,Chukwu,2006-11-08,59417482633,+2349019227799,Anomaly_Exact
SIM_10319,Esther,Oyekan,1977-05-09,92660655169,+2349066623598,Normal
SIM_10408,Benjamin,Oshodi,2007-06-30,52613677232,+2349094661695,Normal
SIM_35450,Peace,Okonkwo,22-09-1951,62981162165,+2348185943319,Anomaly_Format
SIM_10306,Juliet,Uche,1951-03-05,51150645404,+2349199085363,Normal
SIM_73125,James,Olawale,1961-06-08,92309896449,+2349175099364,Anomaly_Exact
SIM_10206,Mark,Okafor,2002-07-12,23492291606,+2349028489060,Normal
SIM_49311,Ruth,Akinwale,1999-04-05,65188272914,+2349179669573,Anomaly_Exact
SIM_74179,Deborah,Obasanjo,1963-08-23,35595604812,+2347063299270,Anomaly_NIN
SIM_10491,Michael,Ogunleye,1986-10-09,65276652663,+2349046827225,Normal
SIM_10423,Juliet,Adeyemi,2007-05-06,67962623696,+2349068443602,Normal
SIM_10365,Nathaniel,Ojo,2002-03-07,36317215099,+2349007286917,Normal
SIM_66777,Elizabeth,Akinwale,1950-09-27,86492617072,+2348114334086,Anomaly_Identity_Mismatch
SIM_81785,David,Akinwale,1948-01-30,35715438632,+2348037375362,Anomaly_Identity_Mismatch
SIM_10564,Gloria,Abiola,2007-01-09,47944501069,+2349154046330,Normal
SIM_10146,Peter,Nnamani,1959-09-03,64757863630,+2348076243762,Normal
SIM_10486,Agnes,Uche,1976-07-18,36992591729,+2348081791467,Normal
SIM_10411,Mark,Okonkwo,2006-07-19,36986730263,+2348032824269,Normal
SIM_33525,Blessing,Akinwale,1950-05-27,53019126655,+2347000689804,Anomaly_Identity_Mismatch
SIM_10362,Daniel,Ekwueme,1953-05-15,62649536167,+2348104215178,Normal
SIM_10675,Peace,Oshodi,1962-08-13,89615117971,+2348134686376,Normal
SIM_10289,Joshua,Abiola,1960-02-07,39075459796,+2349162615435,Normal
SIM_10188,Benjamin,Uche,1960-08-30,81045618902,+2349190371463,Normal
SIM_10259,Deborah,Nnamani,1988-08-17,97352547168,+2347093639512,Normal
SIM_89794,Cornelius,Obi,1992-11-03,34691564033,+2347046696877,Anomaly_Identity_Mismatch
SIM_10310,Agnes,Adetokunbo,1976-01-13,42809604346,+2348082997961,Normal
SIM_10009,Esther,Obasanjo,1964-04-22,22595774247,+2349037830193,Normal
SIM_10355,Samuel,Abiola,1963-07-20,12951346208,+2347013153995,Normal
SIM_25500,Jo,Ougnleye,1975-01-27,62720392810,+2349071339474,Anomaly_Fuzzy
SIM_64054,Deborah,Eze,2004-05-13,30401068487,+2347098684952,Anomaly_Exact
SIM_10597,Elizabeth,Uche,1962-07-11,60611322279,+2348194382819,Normal
SIM_10442,Victoria,Okonkwo,1963-05-17,14889060795,+2347023474906,Normal
SIM_10052,John,Balogun,1979-06-11,72643782244,+2347036581416,Normal
SIM_10554,Sarah,Uche,1953-03-19,99233175686,+2349134873334,Normal
SIM_10656,Benjamin,Obasanjo,1973-09-21,47149857469,+2349074000816,Normal
SIM_31930,Stephen,Ekwueme,29-07-2005,84058374174,+2349174963732,Anomaly_Format
SIM_30633,Nathaniel,Ojo,1978-06-04,95875480953,+2349143923018,Anomaly_Exact
SIM_41292,Mark,Adeyemi,1993-08-10,10680914949,+2348121120844,Anomaly_Exact
SIM_90120,Blessing,Ibrahim,1950-09-30,59777588861,+2348057531517,Anomaly_Identity_Mismatch
SIM_63681,Nathaniel,Eze,1954-03-22,69896865532,+2347082304818,Anomaly_NIN
SIM_10493,Nathaniel,Oyekan,1988-06-16,19015621825,+2349061775835,Normal
SIM_10670,James,Olawale,1994-02-07,35631345647,+2349132057193,Normal
SIM_10603,Elizabeth,Ogunleye,2000-09-17,25375007384,+2348137057749,Normal
SIM_10069,Peace,Abiola,1993-11-22,46141726971,+2349165964024,Normal
SIM_10450,Cornelius,Ojo,1953-04-25,55523264169,+2347075975780,Normal
SIM_10667,Joy,Akinwale,1968-05-31,27334421496,+2349043117900,Normal
SIM_10479,Mary,Okonkwo,1957-03-26,20412064578,+2349118851671,Normal
SIM_10583,Peter,Ekwueme,2007-03-28,47475096504,+2348174473915,Normal
SIM_32923,Michael,Adetokunbo,2004-08-13,70351653957,+2348183958472,Anomaly_Exact
SIM_10650,Faith,Ekwueme,1949-08-26,89813511018,+2349171650819,Normal
SIM_10121,David,Akinwale,1959-11-18,32116761747,+2348092180992,Normal
SIM_32793,Chraity,Acinwale,1956-08-12,23675446593,+2347087411621,Anomaly_Fuzzy
SIM_10175,Cornelius,Ojo,1967-07-29,21507156247,+2348045133995,Normal
SIM_10099,Elizabeth,Okonkwo,1971-12-11,65480150641,+2347014051141,Normal
SIM_25751,Sarah,Ojo,1966-07-17,77756741755,+2349102484014,Anomaly_Identity_Mismatch
SIM_10229,Victoria,Obasanjo,1983-10-14,72769835139,+2349142561429,Normal
SIM_10580,Michael,Oyekan,1985-10-20,41634380248,+2348056927003,Normal
SIM_37360,Ruth,Ojo,2006-06-22,39958080016,+2347015782276,Anomaly_NIN
SIM_96833,James,Ibrahim,1983-02-26,63604856321,+2348188433582,Anomaly_Identity_Mismatch
SIM_10283,Comfort,Ibrahim,1968-10-08,57562022351,+2347085992954,Normal
SIM_10155,Peter,Oshodi,1960-07-06,84990374488,+2349118153582,Normal
SIM_10123,Joy,Olawale,2005-03-18,18750072831,+2349082960372,Normal
SIM_10570,Hope,Ekwueme,1996-09-18,89658881012,+2349036233594,Normal
SIM_10020,Philip,Olawale,1948-06-29,60505551351,+2348117696009,Normal
SIM_10383,Elizabeth,Adetokunbo,1990-07-17,81253396557,+2347024364238,Normal
SIM_10148,Comfort,Ojo,1987-08-12,44839099194,+2349058957419,Normal
SIM_10135,Mark,Adeyemi,1951-08-29,11974404228,+2347086155616,Normal
SIM_10577,David,Uche,1976-10-18,44455698748,+2349026801011,Normal
SIM_10268,Blessing,Obasanjo,1986-11-28,64299984097,+2349197709956,Normal
SIM_10107,Agnes,Obi,1949-03-31,33721075875,+2347075195621,Normal
SIM_10568,Joshua,Oyekan,1955-10-12,14513759169,+2348072932966,Normal
SIM_48119,Cornelius,Obi,1949-06-16,48894333023,+2349156897798,Anomaly_Identity_Mismatch
SIM_10672,Philip,Adeyemi,1999-03-19,63132870957,+2349024112123,Normal
SIM_82896,Benjami,Okafo,1949-09-25,92885016171,+2349021378547,Anomaly_Fuzzy
SIM_10287,Daniel,Abiola,1966-11-06,64649033676,+2347094820926,Normal
SIM_10503,Deborah,Ogunleye,1990-08-21,26064354166,+2349153610584,Normal
SIM_10217,Sarah,Adetokunbo,2006-12-13,76393008370,+2349085712138,Normal
SIM_10474,Nathaniel,Eze,1954-03-22,69895865532,+2347082304818,Normal
SIM_10433,Sarah,Obi,1959-01-15,50268507857,+2348192822534,Normal
SIM_84213,Grace,Chukwu,1973-05-01,11929552828,+2348075099751,Anomaly_NIN
SIM_94356,Stephen,Uche,22-10-1950,40372075545,+2349036259268,Anomaly_Format
SIM_58736,Benjamin,Obasanjo,26-09-1950,57928672383,+2349029081789,Anomaly_Format
SIM_10292,Simon,Chukwu,2002-01-14,55974767544,+2349004206398,Normal
SIM_10223,Stephen,Oshodi,1960-04-22,63876508757,+2348141267201,Normal
SIM_10622,Juliet,Ekwueme,1976-10-17,20407714528,+2347069877226,Normal
SIM_51460,Angepa,Ohsodi,1979-06-30,72483594107,+2349041740139,Anomaly_Fuzzy
SIM_10260,Blessing,Eze,1975-01-05,61600777264,+2349062745700,Normal
SIM_10548,Stephen,Ibrahim,1983-05-26,92682103105,+2348070508453,Normal
SIM_10505,Charity,Olawale,1951-08-02,89595122698,+2348169328219,Normal
SIM_58955,Simon,Okafor,1986-09-08,24559272862,+2347088752263,Anomaly_NIN
SIM_10662,Elizabeth,Nnamani,1962-08-21,13001215700,+2348086167524,Normal
SIM_69091,Comfort,Ibrahim,08-10-1968,57562022351,+2347085992954,Anomaly_Format
SIM_10459,Sarah,Balogun,1947-08-09,87357760142,+2347001971714,Normal
SIM_10588,Michael,Ibrahim,1989-05-06,42656047170,+2348047491909,Normal
SIM_10563,Gloria,Chukwu,1981-06-26,30622450211,+2347013310689,Normal
SIM_10393,Grace,Akinwale,1971-03-28,33751991993,+2349140319683,Normal
SIM_10089,Joseph,Okafor,1958-05-31,83312630856,+2349019752498,Normal
SIM_10487,Emmanuel,Adeyemi,1977-12-21,75013881170,+2347065575248,Normal
SIM_76966,Andrew,Ekwueme,14-08-1967,19448116798,+2348041966327,Anomaly_Format
SIM_10108,Gloria,Olawale,2003-04-24,36318447283,+2347021101835,Normal
SIM_10381,Stephen,Ojo,1948-05-06,59427080308,+2349130475267,Normal
SIM_47759,Nathaniel,Obasanjo,11-02-1948,85082544062,+2347022544924,Anomaly_Format
SIM_10164,Ruth,Balogun,1947-12-24,55304032690,+2348065113582,Normal
SIM_10535,Deborah,Oshodi,1986-09-08,37540089585,+2348102889983,Normal
SIM_37023,Chariiy,Nnaman,1983-02-11,42221821121,+2347068334781,Anomaly_Fuzzy
SIM_10350,Victoria,Ibrahim,2001-07-06,27929130899,+2348040091844,Normal
SIM_10642,Charity,Ekwueme,1987-04-02,57893699514,+2349014806469,Normal
SIM_10514,Juliet,Ibrahim,1959-11-08,47513615680,+2347074799245,Normal
SIM_10586,Paul,Adeyemi,1976-01-13,33780968696,+2348030761510,Normal
SIM_10390,Paul,Olawale,1977-04-29,95346920737,+2348170224420,Normal
SIM_10446,Stephen,Oshodi,1947-01-29,37607302066,+2347017867937,Normal
SIM_10418,Charity,Chukwu,1961-07-08,33176921601,+2348073634220,Normal
SIM_69797,Mark,Ekwueme,1946-10-05,12594619621,+2348185293219,Anomaly_Identity_Mismatch
SIM_10311,Esther,Uche,2003-11-29,52268410510,+2348055150851,Normal
SIM_48635,Gabriel,Ogunleye,1986-02-28,51503029967,+2347054194128,Anomaly_Identity_Mismatch
SIM_10625,Philip,Oyekan,1954-10-17,43124340837,+2348163517314,Normal
SIM_60152,Angela,Eze,1976-01-02,67231075747,+2348065200750,Anomaly_Identity_Mismatch
SIM_10369,Angela,Ibrahim,1996-02-29,31072146905,+2349038726587,Normal
SIM_10208,Benjamin,Balogun,1975-04-24,95182275389,+2347036489136,Normal
SIM_10056,Paul,Nnamani,1997-04-07,95912616566,+2348137736588,Normal
SIM_10197,Agnes,Ekwueme,1948-10-17,85461672073,+2349199218791,Normal
SIM_75690,Agnes,Ekwueme,17-10-1948,85461672073,+2349199218791,Anomaly_Format
SIM_10018,Comfort,Uche,2001-10-25,38689082553,+2348108474977,Normal
SIM_10436,Nathaniel,Obi,1962-11-12,94062806274,+2349146926313,Normal
SIM_10131,Comfort,Eze,1963-11-29,96949832063,+2347024541310,Normal
SIM_10119,David,Okonkwo,1976-07-24,90306446773,+2348120550955,Normal
SIM_10098,Victoria,Adeyemi,1956-07-31,25637206058,+2349000421374,Normal
SIM_10047,Mark,Akinwale,2003-12-14,37529957181,+2347008489015,Normal
SIM_60880,Blessing,Olawale,1992-02-26,68969746329,+2349077484422,Anomaly_NIN
SIM_10438,Grace,Chukwu,1977-03-31,11290755864,+2348122983378,Normal
SIM_24112,Debroah,Balogu,1948-05-17,38806140252,+2348162824329,Anomaly_Fuzzy
SIM_10620,Benjamin,Uche,2000-05-27,14265985720,+2348048620506,Normal
SIM_10243,Charity,Chukwu,1983-10-03,49075152617,+2349016475802,Normal
SIM_10540,Agnes,Uche,1948-06-19,44743523377,+2349022827382,Normal
SIM_74957,Angela,Ibrahim,1953-03-31,62127761060,+2348145912597,Anomaly_Exact
SIM_10375,Hope,Eze,1975-10-06,49162890928,+2349042551135,Normal
SIM_10692,Peter,Nnamani,1987-03-21,66771297784,+2348019923732,Normal
SIM_10673,Philip,Adeyemi,1966-11-08,52387732027,+2349188428441,Normal
SIM_10532,Michael,Adeyemi,1955-12-18,44569801375,+2347050319088,Normal
SIM_80931,Deborah,Eze,13-05-2004,30401068487,+2347098684952,Anomaly_Format
SIM_10301,Grace,Obi,1948-11-14,95342202362,+2349049567880,Normal
SIM_10037,James,Okafor,1996-01-27,89404220345,+2347069359514,Normal
SIM_10261,Joshua,Ibrahim,1989-08-22,22812110670,+2347028834501,Normal
SIM_10094,Comfort,Chukwu,1948-10-26,83297184780,+2349160419791,Normal
SIM_78859,Benjamin,Uche,23-07-1990,84431839337,+2349056079973,Anomaly_Format
SIM_10428,James,Chukwu,2006-11-08,59417482633,+2349019227799,Normal
SIM_37956,Michael,Olawale,1997-06-28,92055210201,+2348095369735,Anomaly_Identity_Mismatch
SIM_10343,Joy,Ojo,1968-01-22,78019713359,+2348152499781,Normal
SIM_39111,Cahrity,Abiolr,1970-05-29,30102525716,+2348006048495,Anomaly_Fuzzy
SIM_10462,Patience,Chukwu,1992-01-14,70652307256,+2348127688097,Normal
SIM_10245,Mark,Nnamani,1956-10-17,37523583078,+2347075591861,Normal
SIM_40648,Simon,Okonkwo,10-11-2001,67155013446,+2348002352779,Anomaly_Format
SIM_36802,Patience,Ibrahim,1979-07-11,57722979195,+2349036811233,Anomaly_NIN
SIM_10609,James,Eze,1950-08-17,53668883377,+2348024308583,Normal
SIM_10220,John,Nnamani,1965-09-12,36028396433,+2349020674245,Normal
SIM_10161,Gloria,Adetokunbo,1991-08-14,22265739806,+2349024286115,Normal
SIM_27458,James,Obasanjo,1984-08-02,20094198304,+2349049691262,Anomaly_Exact
SIM_10199,Daniel,Ekwueme,1954-06-14,79870699827,+2349113138848,Normal
SIM_22625,Mark,Adeyemi,29-08-1951,11974404228,+2347086155616,Anomaly_Format
SIM_10142,Paul,Akinwale,1947-10-30,24323088340,+2349141193871,Normal
SIM_10595,Grace,Olawale,1967-10-24,46203571335,+2349049970317,Normal
SIM_10351,John,Akinwale,1976-10-24,57113377537,+2348151533435,Normal
SIM_95803,Gloria,Obasanjo,1961-11-03,98757772693,+2348064698470,Anomaly_NIN
SIM_22389,cames,Akinwal,1949-06-16,48894333023,+2349156897798,Anomaly_Fuzzy
SIM_10406,Michael,Oyekan,2004-08-20,15869714996,+2348155247291,Normal
SIM_10236,Sarah,Balogun,2002-03-11,88134255929,+2347023286710,Normal
SIM_10615,Faith,Obi,1994-06-15,18182405865,+2348143794576,Normal
SIM_47551,Deborah,Akinwale,1946-01-13,86329029772,+2348035545207,Anomaly_NIN
SIM_52640,Ruth,Abiola,1974-04-22,72567064947,+2349039273834,Anomaly_NIN
SIM_10668,Joshua,Ekwueme,1992-09-11,89549841114,+2347052796285,Normal
SIM_10293,Philip,Uche,1960-11-09,67467217304,+2348149610990,Normal
SIM_10631,Gloria,Eze,2001-12-05,68532318949,+2349017753635,Normal
SIM_10629,Daniel,Uche,1951-01-31,42499926221,+2349118260415,Normal
SIM_10072,Agnes,Ekwueme,1953-08-11,42352206298,+2347059460539,Normal
SIM_10318,Gabriel,Okonkwo,1973-03-05,46146801753,+2347098700521,Normal
SIM_10611,Peace,Ibrahim,1947-12-12,22418050426,+2349121836449,Normal
SIM_10059,Mary,Oshodi,1946-09-14,91022180490,+2348177916510,Normal
SIM_10618,Faith,Uche,1996-07-29,92642484841,+2347026201149,Normal
SIM_10354,Hope,Ekwueme,1997-02-03,27825179450,+2349073468913,Normal
SIM_10376,Peace,Oshodi,1968-11-11,17504649884,+2349119713993,Normal
SIM_72572,Garce,Chkuwu,1977-03-31,11290755864,+2348122983378,Anomaly_Fuzzy
SIM_10218,Ruth,Okonkwo,2003-09-05,94576132692,+2347018728106,Normal
SIM_10003,Peace,Olawale,1985-07-23,37266385032,+2349174294862,Normal
SIM_10425,Simon,Okafor,1986-09-08,24559272362,+2347088752263,Normal
SIM_10122,Gloria,Balogun,1954-05-23,99374299515,+2347003630757,Normal
SIM_10290,Charity,Balogun,1994-09-07,84308526342,+2348007226837,Normal
SIM_10270,Hope,Ogunleye,1957-10-01,68580065674,+2349038900785,Normal
SIM_10509,Ruth,Akinwale,1983-08-07,70566037373,+2348143925063,Normal
SIM_10483,Patience,Ibrahim,1985-10-10,37114353759,+2349084190253,Normal
SIM_10341,Ruth,Ojo,1988-07-28,55850798148,+2349147532429,Normal
SIM_10679,Patience,Ojo,2005-11-27,93453215725,+2348141865889,Normal
SIM_10250,Elizabeth,Adetokunbo,1994-01-12,38673472687,+2347094636144,Normal
SIM_10013,Grace,Chukwu,1951-09-09,42176941606,+2349167833007,Normal
SIM_10536,Esther,Ojo,1963-12-19,67567921611,+2349001268458,Normal
SIM_10130,Daniel,Chukwu,1995-11-24,63566937553,+2347029570758,Normal
SIM_40849,Joy,Olawale,25-05-1972,71166970379,+2349139242964,Anomaly_Format
SIM_10114,Ruth,Obasanjo,1980-12-13,56693294493,+2348079053792,Normal
SIM_10424,Angela,Oshodi,2002-01-19,14403446249,+2348022776349,Normal
SIM_10342,Hope,Olawale,1977-05-12,37425766874,+2348156361526,Normal
SIM_10109,Joshua,Olawale,1985-11-13,86969741544,+2348024040139,Normal
SIM_94076,James,Oyekan,1948-06-29,60505551351,+2348117696009,Anomaly_Identity_Mismatch
SIM_76468,James,Okafor,1999-05-03,31637844022,+2348085351770,Anomaly_Identity_Mismatch
SIM_10647,Daniel,Uche,1961-07-19,73720785684,+2347029349981,Normal
SIM_92367,Davij,Ophodi,1975-11-18,14446166055,+2349196829929,Anomaly_Fuzzy
SIM_10010,John,Obi,1992-11-19,65768375075,+2349040529188,Normal
SIM_10008,Peace,Ojo,1960-05-18,78808405644,+2347057412006,Normal
SIM_24604,Sarah,Uche,19-03-1953,99233175686,+2349134873334,Anomaly_Format
SIM_78886,Dainel,hche,1951-01-31,42499926221,+2349118260415,Anomaly_Fuzzy
SIM_92116,David,Nnamani,1961-10-14,45240970185,+2349033794320,Anomaly_NIN
SIM_10664,David,Nnamani,1961-10-14,45240970985,+2349033794320,Normal
SIM_10472,Stephen,Ogunleye,1998-01-27,99788765755,+2349065587146,Normal
SIM_10097,Hope,Oshodi,1959-12-03,48222611966,+2349023968046,Normal
SIM_10398,Michael,Ojo,1952-01-28,59883481367,+2348024760272,Normal
SIM_10335,Mary,Oyekan,1962-05-31,88701236531,+2348044131605,Normal
SIM_10508,James,Akinwale,1949-06-16,48894333023,+2349156897798,Normal
SIM_10671,Blessing,Adeyemi,1965-05-06,61292690822,+2349169079240,Normal
SIM_26003,Esther,Obi,1986-10-26,81530434565,+2347060090338,Anomaly_Identity_Mismatch
SIM_84572,Gloria,Abiola,2007-01-09,47944501469,+2349154046330,Anomaly_NIN
SIM_10035,Hope,Adetokunbo,2005-07-30,94591145537,+2347069720866,Normal
SIM_63583,Nathaniei,Obasanqo,1948-02-11,85082544062,+2347022544924,Anomaly_Fuzzy
SIM_27781,Blessing,Olawale,1966-10-12,31207070495,+2349117573752,Anomaly_NIN
SIM_10669,Charity,Obi,2000-08-06,81625566176,+2347019722267,Normal
SIM_62561,James,Olawale,2007-01-09,47944501069,+2349154046330,Anomaly_Identity_Mismatch
SIM_66695,Emmanue,Oalwale,1996-02-24,31007449064,+2349014399897,Anomaly_Fuzzy
SIM_97784,Emmanuel,Olawale,1960-12-14,33719328699,+2348084216475,Anomaly_Exact
SIM_10648,Cornelius,Chukwu,1948-08-16,98461989880,+2348001165549,Normal
SIM_10504,Mark,Nnamani,1955-10-06,97242344046,+2348113313878,Normal
SIM_10202,Esther,Oyekan,2000-11-02,53188004612,+2347072532022,Normal
SIM_10093,David,Ekwueme,2000-05-12,24678934159,+2348097777279,Normal
SIM_10607,Joshua,Abiola,1968-08-18,47615485715,+2348040799133,Normal
SIM_20358,Mar,Adeymei,1993-08-10,10680914949,+2348121120844,Anomaly_Fuzzy
SIM_10203,Gloria,Ojo,2001-11-23,48053785525,+2348012688084,Normal
SIM_40150,Philip,Akinwale,27-11-1975,27143007552,+2348038943007,Anomaly_Format
SIM_10049,Peace,Balogun,1997-09-05,95648949023,+2348103083464,Normal
SIM_10557,Patience,Olawale,1975-02-04,15560233844,+2349176581327,Normal
SIM_10126,Peace,Uche,1987-01-01,52174352249,+2349012739011,Normal
SIM_10477,Emmanuel,Eze,1946-05-22,41260437870,+2348172740509,Normal
SIM_10644,Mark,Abiola,2002-03-13,97292149592,+2348028547891,Normal
SIM_10465,Nathaniel,Abiola,1953-09-09,31771957711,+2348078181143,Normal
SIM_97429,Joy,Olawale,1972-05-25,71116970379,+2349139242964,Anomaly_NIN
SIM_10096,Benjamin,Obi,1973-01-12,93666476100,+2348088824206,Normal
SIM_10092,Nathaniel,Ekwueme,1962-05-17,78338891392,+2349191466510,Normal
SIM_10104,Ruth,Akinwale,1949-07-11,91942908733,+2349019713060,Normal
SIM_82019,Mark,Adeyemi,1954-01-01,59751685131,+2348157550556,Anomaly_Exact
SIM_10227,Blessing,Eze,1987-09-21,40333850056,+2348185110374,Normal
SIM_42562,Victoria,Uche,07-02-1983,33927449957,+2347033338149,Anomaly_Format
SIM_47596,Mar,Nanmani,1955-10-06,97242344046,+2348113313878,Anomaly_Fuzzy
SIM_10322,Blessing,Olawale,1992-02-26,68969726329,+2349077484422,Normal
SIM_10601,Victoria,Eze,1985-11-13,65943782003,+2349141191853,Normal
SIM_10263,Peace,Oshodi,1977-01-04,10954417332,+2347046851514,Normal
SIM_24434,Smion,Aibola,1974-08-18,53328168585,+2349018937496,Anomaly_Fuzzy
SIM_76374,Elizabeth,Ogunleye,2000-09-17,25375007384,+2348137057749,Anomaly_Exact
SIM_10695,Victoria,Nnamani,1980-04-16,44577747317,+2349003350175,Normal
SIM_10213,Paul,Abiola,1949-09-30,14135644741,+2348056937222,Normal
SIM_10221,Elizabeth,Ojo,1982-01-01,32654960149,+2349165102118,Normal
SIM_10209,David,Uche,1961-05-02,13645673841,+2347028198720,Normal
SIM_10244,Andrew,Ekwueme,1992-12-22,15540768066,+2347030243076,Normal
SIM_10699,Patience,Nnamani,1971-06-06,45307400703,+2348117162200,Normal
SIM_74401,Paul,Oshodi,20-08-1960,87017501206,+2348135891563,Anomaly_Format
SIM_47044,Blessing,Okonkwo,1994-07-16,33213138544,+2347013951874,Anomaly_NIN
SIM_10038,Comfort,Akinwale,1963-04-04,53021503752,+2349023963348,Normal
SIM_10687,Mary,Chukwu,1950-10-29,18425099296,+2348016091254,Normal
SIM_10063,Michael,Oshodi,2000-11-27,16399352983,+2348070814396,Normal
SIM_10624,Agnes,Ojo,1956-05-27,93517549456,+2349077720385,Normal
SIM_10476,Joshua,Chukwu,1990-05-12,54156748562,+2348138284566,Normal
SIM_10137,John,Ogunleye,1997-11-07,55593328086,+2347078971147,Normal
SIM_10339,Joshua,Oshodi,1980-09-09,83069861057,+2349058901637,Normal
SIM_73835,Charity,Ibrahim,1985-11-13,86969741544,+2348024040139,Anomaly_Identity_Mismatch
SIM_76599,David,Akinwale,18-11-1959,32116761747,+2348092180992,Anomaly_Format
SIM_10531,Mary,Obasanjo,1985-12-13,50270969846,+2347050935956,Normal
SIM_10512,Samuel,Uche,1986-03-27,57740020554,+2349064491550,Normal
SIM_30788,John,Balogun,1979-06-11,72643782244,+2347036581416,Anomaly_Exact
SIM_31118,Elizabeth,Ojo,01-01-1982,32654960149,+2349165102118,Anomaly_Format
SIM_50317,Cornelius,Adetokunbo,1985-10-20,41634380248,+2348056927003,Anomaly_Identity_Mismatch
SIM_10111,Daniel,Obasanjo,1962-02-17,17202275745,+2349111933005,Normal
SIM_10231,Deborah,Eze,2004-05-13,30401068487,+2347098684952,Normal
SIM_51784,Mary,Okonkwo,1957-03-26,20412064578,+2349118851671,Anomaly_Exact
SIM_10517,Comfort,Nnamani,1953-03-12,70562352853,+2348072671164,Normal
SIM_10543,Cornelius,Abiola,1997-08-05,71705631799,+2349171235939,Normal
SIM_10589,Joshua,Adeyemi,1962-03-27,90975086036,+2347097615424,Normal
SIM_10525,Joshua,Eze,1983-11-30,18003919087,+2348051011634,Normal
SIM_10693,Deborah,Balogun,1988-11-22,23251332017,+2348040989204,Normal
SIM_10286,Cornelius,Balogun,1961-01-24,51110966652,+2349103688400,Normal
SIM_10421,Simon,Okonkwo,2001-11-10,67155013446,+2348002352779,Normal
SIM_10315,Andrew,Abiola,1963-05-21,66968011861,+2348147606801,Normal
SIM_35765,Gloria,Obi,1960-07-25,67172389257,+2348184115409,Anomaly_Identity_Mismatch
SIM_97460,Rurh,jOo,2006-06-22,99958080016,+2347015782276,Anomaly_Fuzzy
SIM_10086,Sarah,Ekwueme,2004-02-28,69471980292,+2349185681933,Normal
SIM_10023,Nathaniel,Ekwueme,1988-08-20,20862390385,+2347027948137,Normal
SIM_10196,Deborah,Okafor,1957-05-06,62373782005,+2348024935274,Normal
SIM_10300,Charity,Oshodi,1975-05-08,25245785244,+2349129666731,Normal
SIM_10691,Esther,Nnamani,1975-10-21,90502195507,+2348046187763,Normal
SIM_29596,Hope,Eze,19-04-1958,11366162196,+2349043069991,Anomaly_Format
SIM_10348,Blessing,Olawale,1966-10-12,31207030495,+2349117573752,Normal
SIM_86301,Joshua,Ibrahim,1989-08-22,22812110670,+2347028834501,Anomaly_Exact
SIM_10234,Andrew,Ekwueme,1967-08-14,19448116798,+2348041966327,Normal
SIM_10412,Blessing,Uche,1991-06-28,36350245644,+2348095163914,Normal
SIM_10191,Faith,Olawale,1976-05-14,25262183758,+2347012108921,Normal
SIM_97892,Charity,Ekwueme,02-04-1987,57893699514,+2349014806469,Anomaly_Format
SIM_10297,Comfort,Uche,1992-11-01,90547842507,+2349153159379,Normal
SIM_10382,Mary,Oshodi,1993-05-14,45797626609,+2348135053024,Normal
SIM_37419,Hoep,Eve,1975-10-06,49162890928,+2349042551135,Anomaly_Fuzzy
SIM_10160,David,Balogun,1969-04-09,65795339034,+2347044120530,Normal
SIM_33958,Deborah,Balogun,1948-05-17,38806140252,+2348162824329,Anomaly_Exact
SIM_10646,Angela,Ibrahim,1974-03-07,28362985433,+2349183540470,Normal
SIM_10298,James,Oshodi,1952-05-10,10922698282,+2348047127833,Normal
SIM_10399,Joseph,Ekwueme,1956-09-12,25267167189,+2349127856339,Normal
SIM_96048,Charity,Oshodi,1975-05-08,29245785244,+2349129666731,Anomaly_NIN
SIM_10473,Paul,Oyekan,1945-07-27,24699263593,+2349178776790,Normal
SIM_94083,Emmanuel,Obi,1989-06-13,98167124306,+2347016487809,Anomaly_Identity_Mismatch
SIM_10257,Gloria,Ogunleye,1946-03-28,25395384465,+2348179872818,Normal
SIM_85765,Dayid,Okafob,1972-11-07,98076526144,+2349028106322,Anomaly_Fuzzy
SIM_10106,Ruth,Oshodi,1979-08-06,80319011112,+2349112127644,Normal
SIM_10219,Juliet,Adetokunbo,1977-11-01,29421167938,+2349031532343,Normal
SIM_10441,Comfort,Nnamani,1951-07-10,35208843104,+2348143577642,Normal
SIM_71949,Simon,Obasanjo,1978-06-29,36474882211,+2348001170517,Anomaly_Exact
SIM_10377,Grace,Akinwale,1997-04-16,51639898227,+2348084101830,Normal
SIM_10133,Grace,Abiola,1992-02-28,21609327415,+2348004162838,Normal
SIM_10429,Peter,Uche,1999-01-16,84138676619,+2348050255457,Normal
SIM_35496,Cornelius,Ogunleye,1960-06-15,67442180051,+2347081811945,Anomaly_Exact
SIM_10021,Stephen,Uche,1950-10-22,40372075545,+2349036259268,Normal
SIM_10162,Peace,Ogunleye,1947-04-04,63399202399,+2347032466456,Normal
SIM_10304,David,Obasanjo,1988-03-17,83171249703,+2348118856907,Normal
SIM_10417,Cornelius,Abiola,1971-07-22,39509644864,+2348112423647,Normal
SIM_10314,Faith,Chukwu,1997-04-12,30683495249,+2348171307735,Normal
SIM_10682,Hope,Oshodi,1970-05-17,85318762315,+2348086578872,Normal
SIM_10685,Deborah,Oyekan,2001-05-03,31957093470,+2348187505010,Normal
SIM_10660,Gloria,Akinwale,1946-10-05,12594619621,+2348185293219,Normal
SIM_10585,Angela,Oshodi,1979-06-30,72483594107,+2349041740139,Normal
SIM_70913,Gloria,Balogun,1954-05-23,99364299515,+2347003630757,Anomaly_NIN
SIM_49829,Daniel,Abiola,1990-06-01,99820460576,+2349013438110,Anomaly_Identity_Mismatch
SIM_10302,Mark,Oshodi,1953-02-20,10397285582,+2347047741880,Normal
SIM_10694,Samuel,Olawale,1991-01-19,31333056058,+2349088028509,Normal
SIM_10633,Stephen,Ekwueme,2005-07-29,84058374174,+2349174963732,Normal
SIM_40788,Nathaniel,Ekwueme,1988-08-20,30862390385,+2347027948137,Anomaly_NIN
SIM_72409,Mark,Ibrahim,2004-09-29,75923048645,+2348081638178,Anomaly_Exact
SIM_10144,Paul,Ojo,1954-01-18,46424788348,+2348030937608,Normal
SIM_10067,Mark,Ibrahim,2004-09-29,75923048645,+2348081638178,Normal
SIM_10689,Esther,Oyekan,1994-03-19,24155866387,+2349075454825,Normal
SIM_10158,Emmanuel,Abiola,1972-06-28,49240753295,+2348138487326,Normal
SIM_10248,Joseph,Obasanjo,1947-02-15,91902683106,+2348088586864,Normal
SIM_27700,Eemanuel,Nnaman,1999-01-13,44053584900,+2349117862781,Anomaly_Fuzzy
SIM_10409,Ruth,Eze,1961-03-06,97842436778,+2349093254037,Normal
SIM_10065,James,Eze,1990-04-10,69402555543,+2348129750378,Normal
SIM_34216,Juliet,Adeyemi,1975-07-20,14547497209,+2349139420545,Anomaly_Identity_Mismatch
SIM_30760,Esther,Nnamani,1985-05-12,37730128383,+2348185769748,Anomaly_Exact
SIM_10192,Sarah,Obasanjo,1958-08-10,33688460236,+2347044624864,Normal
SIM_60371,Nathaniel,Obasanjo,1948-02-11,85082544062,+2347022544924,Anomaly_Exact
SIM_10387,Esther,Chukwu,1981-03-02,77688784484,+2349078911478,Normal
SIM_10198,Comfort,Okafor,2007-10-23,80319342783,+2349137948478,Normal
SIM_69640,Simon,Okonkwo,2001-11-10,67155013445,+2348002352779,Anomaly_NIN
SIM_10254,Daniel,Obasanjo,1998-08-20,12664671344,+2348027339634,Normal
SIM_10510,Grace,Chukwu,1973-05-01,11929557828,+2348075099751,Normal
SIM_10485,Stephen,Oyekan,1948-04-29,10539618011,+2348031452329,Normal
SIM_10560,Michael,Adetokunbo,2004-08-13,70351653957,+2348183958472,Normal
SIM_10181,Simon,Abiola,1974-08-18,53328168585,+2349018937496,Normal
SIM_10659,Peace,Ibrahim,1998-11-22,16792261100,+2349113695606,Normal
SIM_10264,Deborah,Obasanjo,1963-08-23,39595604812,+2347063299270,Normal
SIM_98378,Patience,Balogun,1985-02-26,73602157876,+2348111737411,Anomaly_Exact
SIM_57288,oJseph,Akinawle,1991-07-17,58619734353,+2348037420365,Anomaly_Fuzzy
SIM_56754,Ruth,Obasanjo,1953-12-18,10591204567,+2349062307452,Anomaly_Identity_Mismatch
SIM_10005,Michael,Abiola,1961-03-17,31609145861,+2348138841643,Normal
SIM_39666,Peace,Oshodi,1977-01-04,10954417332,+2347046851514,Anomaly_Exact
SIM_10569,David,Obi,1997-12-20,16946051585,+2348151967039,Normal
SIM_10127,Agnes,Okonkwo,1990-10-28,67285610351,+2348014760113,Normal
SIM_10541,Stephen,Adetokunbo,1986-02-28,51503029967,+2347054194128,Normal
SIM_10258,Sarah,Oshodi,1952-07-23,86758587422,+2349090207436,Normal
SIM_10401,Mary,Adeyemi,1965-05-04,27461243567,+2349020896532,Normal
SIM_54108,Mary,Ekwueme,10-06-1975,81161493200,+2349060900785,Anomaly_Format
SIM_10048,John,Chukwu,1991-10-08,97672544893,+2348036644199,Normal
SIM_10274,John,Ibrahim,1958-05-18,44741950521,+2348080110362,Normal
SIM_10062,Benjamin,Obasanjo,1950-09-26,57928672383,+2349029081789,Normal
SIM_10066,Charity,Akinwale,1956-08-12,23675446593,+2347087411621,Normal
SIM_10128,Comfort,Uche,1990-07-09,53780558590,+2349111446471,Normal
SIM_10189,Philip,Eze,1947-01-15,20227680402,+2348062187832,Normal
SIM_10538,Joy,Ojo,1952-12-03,48435722373,+2348084663646,Normal
SIM_88191,Charity,Uche,06-03-1996,35198434022,+2348086199677,Anomaly_Format
SIM_50049,Joshua,Adeyemi,27-03-1962,90975086036,+2347097615424,Anomaly_Format
SIM_10017,Daniel,Adetokunbo,1950-09-27,86492617072,+2348114334086,Normal
SIM_10363,Paul,Oshodi,1994-02-21,71347523467,+2347035148090,Normal
SIM_10632,Deborah,Olawale,2007-05-03,23561369781,+2349069261677,Normal
SIM_81221,James,Ogunleye,1952-07-23,86758587422,+2349090207436,Anomaly_Identity_Mismatch
SIM_10571,Juliet,Obasanjo,1975-12-04,11216772220,+2348113212046,Normal
SIM_10628,Joseph,Ibrahim,2003-04-19,66527929437,+2347039913678,Normal
SIM_10616,Esther,Adeyemi,1973-05-02,66752217713,+2348001000020,Normal
SIM_10420,Juliet,Uche,1992-12-17,86298117681,+2348144276123,Normal
SIM_41782,Deborah,Akinwale,20-11-1967,74337750016,+2349172949292,Anomaly_Format
SIM_10212,Paul,Okafor,1971-06-11,80016740395,+2348031588665,Normal
SIM_10416,Mark,Ekwueme,2002-11-25,73913047462,+2349071875773,Normal
SIM_79382,Gabriel,Akinwale,29-12-1994,56921017989,+2347015725441,Anomaly_Format
SIM_10481,Sarah,Ibrahim,1953-02-09,59701108503,+2349111668297,Normal
SIM_10640,Peter,Uche,2007-10-22,99904283502,+2348060656050,Normal
SIM_10040,Ruth,Adetokunbo,1970-01-04,81706639306,+2347098006567,Normal
SIM_24010,Deborah,Obasanjo,1963-08-23,39595604812,+2347063299270,Anomaly_Exact
SIM_75096,Gloria,Oyekan,08-03-1947,97115591177,+2348060608185,Anomaly_Format
SIM_10042,Hope,Olawale,1996-10-22,36344741602,+2348001729466,Normal
SIM_41613,Philip,Olawale,1985-09-01,64755635061,+2347021350664,Anomaly_Exact
SIM_10384,Paul,Oshodi,1947-11-24,41217053856,+2347029135183,Normal
SIM_75079,Philip,Olawale,1985-09-01,64753635061,+2347021350664,Anomaly_NIN
SIM_10174,Daniel,Uche,1979-11-20,77207479349,+2347099866507,Normal
SIM_10317,Joshua,Akinwale,1950-06-26,37464375863,+2349082144141,Normal
SIM_10374,Cornelius,Obasanjo,1984-11-03,50444428296,+2349136398795,Normal
SIM_26432,Stephen,Ojo,1948-05-06,59422080308,+2349130475267,Anomaly_NIN
SIM_43936,Daniel,Adetokunbo,1950-09-27,86492617012,+2348114334086,Anomaly_NIN
SIM_10378,Peace,Adetokunbo,1976-05-12,98826541466,+2348084715701,Normal
SIM_74048,David,Ekwueme,1994-01-12,38673472687,+2347094636144,Anomaly_Identity_Mismatch
SIM_10233,Mark,Adetokunbo,1967-08-27,81101556355,+2349117573109,Normal
SIM_10523,Nathaniel,Uche,2008-02-01,52418692644,+2348055878118,Normal
SIM_10275,Michael,Okafor,1994-05-18,59311607905,+2348113660927,Normal
SIM_10152,Grace,Ojo,1999-12-20,20391076690,+2347020912920,Normal
SIM_10422,Victoria,Balogun,1945-12-05,91933685554,+2349049965553,Normal
SIM_10241,Philip,Okonkwo,1987-08-29,83083929906,+2348144440594,Normal
SIM_10125,Gabriel,Ekwueme,2002-02-10,33616997504,+2348186582258,Normal
SIM_10576,Samuel,Nnamani,1979-11-25,27053666440,+2347073618747,Normal
SIM_98583,Peace,Olawale,1985-07-23,33266385032,+2349174294862,Anomaly_NIN
SIM_10414,Esther,Nnamani,1985-05-12,37730128383,+2348185769748,Normal
SIM_20400,Mark,Ekwueme,2002-11-25,73913027462,+2349071875773,Anomaly_NIN
SIM_10542,Samuel,Okonkwo,1959-04-15,46732324633,+2348006043747,Normal
SIM_10281,Benjamin,Uche,1990-07-23,84431839337,+2349056079973,Normal
SIM_10528,Agnes,Abiola,1970-12-23,90747804737,+2349105635553,Normal
SIM_48053,Agnes,Balogun,1999-11-23,92693024564,+2349098281701,Anomaly_Exact
SIM_10370,James,Olawale,1964-03-05,54254393469,+2347052229564,Normal
SIM_10090,Philip,Akinwale,1975-11-27,27143007552,+2348038943007,Normal
SIM_10349,Mark,Ogunleye,1953-04-07,54596878581,+2349164179081,Normal
SIM_21533,Nathaniel,Eze,1999-01-16,84138676619,+2348050255457,Anomaly_Identity_Mismatch
SIM_10353,Agnes,Nnamani,1987-09-30,42943849728,+2349047654303,Normal
SIM_10386,Grace,Chukwu,2004-11-12,54443310707,+2349040471895,Normal
SIM_10251,Philip,Olawale,1985-09-01,64755635061,+2347021350664,Normal
SIM_56247,Benjamin,Chukwu,1983-05-09,53317794045,+2349017272405,Anomaly_NIN
SIM_10677,Joy,Adeyemi,2004-04-17,59000213386,+2349096560705,Normal
SIM_10002,James,Chukwu,1991-06-05,99541398225,+2348012474695,Normal
SIM_10050,Grace,Chukwu,1965-05-07,57335570028,+2349173994661,Normal
SIM_10613,Angela,Adetokunbo,1955-11-15,67503126394,+2348186883065,Normal
SIM_59268,Mark,Adeyemi,03-01-1989,60660496487,+2349097168649,Anomaly_Format
SIM_80128,Nathaniel,Olawale,1986-10-30,14338857870,+2348040801612,Anomaly_NIN
SIM_10478,Joy,Okafor,1985-06-13,90069974068,+2347017134599,Normal
SIM_10445,Elizabeth,Nnamani,1952-09-30,82542733590,+2348155435658,Normal
SIM_10519,Deborah,Akinwale,1997-08-07,87687577515,+2348113142022,Normal
SIM_10041,Stephen,Eze,1980-01-19,98134266101,+2348011145152,Normal
SIM_10480,Mark,Adeyemi,1954-01-01,59751685131,+2348157550556,Normal
SIM_66291,Gloria,Balogun,2001-03-19,90448396324,+2347014391315,Anomaly_NIN
SIM_10321,Simon,Uche,1993-03-19,53568308259,+2348144241963,Normal
SIM_10043,Samuel,Chukwu,1955-10-11,58039777186,+2348000100247,Normal
SIM_85596,Gloqia,Adetokunb,1991-08-14,22265739806,+2349024286115,Anomaly_Fuzzy
SIM_10636,Patience,Okafor,1971-08-28,57387503099,+2349069656943,Normal
SIM_10513,Cornelius,Nnamani,1952-06-05,81005112772,+2348147039228,Normal
SIM_10295,John,Akinwale,1953-12-28,79367425315,+2349107390092,Normal
SIM_46438,Joshu,Akinwal,1950-06-26,37464375863,+2349082144141,Anomaly_Fuzzy
SIM_10179,Juliet,Uche,1973-01-04,58081492387,+2347098166447,Normal
SIM_10154,Joseph,Adetokunbo,2004-09-22,13493976191,+2348195333163,Normal
SIM_10078,Peter,Ogunleye,1950-03-14,72199352158,+2348164565935,Normal
SIM_28231,Jospeh,Chukuw,1990-03-22,20444769043,+2348197172092,Anomaly_Fuzzy
SIM_10534,Michael,Balogun,1975-07-13,13608464335,+2348102260926,Normal
SIM_46760,Blessing,Olawale,12-10-1966,31207030495,+2349117573752,Anomaly_Format
SIM_10294,Patience,Obi,1965-12-11,83140610623,+2349123777793,Normal
SIM_10488,Victoria,Ojo,1992-01-25,38388030660,+2349174099329,Normal
SIM_10552,Mary,Obasanjo,1974-08-03,25999185367,+2349016248449,Normal
SIM_10590,Esther,Ekwueme,1981-01-14,75760086638,+2348163366553,Normal
SIM_10684,Michael,Ojo,1950-09-30,59777588861,+2348057531517,Normal
SIM_10614,Gabriel,Obi,2001-12-13,61337697327,+2348120088293,Normal
SIM_32695,Agnes,Uche,1999-12-20,20391076690,+2347020912920,Anomaly_Identity_Mismatch
SIM_37942,Samuel,Chukwu,1949-07-02,20653687400,+2349158452676,Anomaly_NIN
SIM_10558,Joseph,Okafor,1975-01-09,52109682782,+2349039678670,Normal
SIM_10087,Samuel,Chukwu,1949-07-02,28653687400,+2349158452676,Normal
SIM_10163,Daniel,Balogun,1957-07-12,69081053502,+2348136528666,Normal
SIM_69556,Angela,Oyekan,09-04-1996,62090028624,+2348179862018,Anomaly_Format
SIM_10299,John,Obasanjo,1964-09-22,93377666125,+2349103427289,Normal
SIM_65231,Nathanie,Olawal,1959-09-26,51787485139,+2349046540935,Anomaly_Fuzzy
SIM_10296,Nathaniel,Adeyemi,1949-02-01,97485329247,+2349196751876,Normal
SIM_10661,Elizabeth,Oshodi,1948-05-04,79867778627,+2348085424678,Normal
SIM_10516,Joseph,Nnamani,2002-11-26,94368318801,+2347090757004,Normal
SIM_45450,Victorai,Obasaajo,1983-10-14,72769835139,+2349142561429,Anomaly_Fuzzy
SIM_10117,Victoria,Eze,1991-01-31,34039903663,+2349129290918,Normal
SIM_10688,Mary,Uche,1966-03-26,38376281793,+2349057846575,Normal
SIM_10388,Blessing,Okonkwo,1994-07-16,33213135544,+2347013951874,Normal
SIM_10320,Simon,Adeyemi,1961-02-16,99510979919,+2348086465522,Normal
SIM_10361,Sarah,Olawale,1960-08-31,23838722596,+2348159486085,Normal
SIM_10153,Benjamin,Balogun,1956-03-17,24665891208,+2349155703903,Normal
SIM_50891,Angela,Ibrahim,1974-03-07,28362985433,+2349183540470,Anomaly_Exact
SIM_10026,Nathaniel,Olawale,1986-10-30,14338857370,+2348040801612,Normal
SIM_10619,Esther,Okafor,1981-09-18,52784812662,+2348016978911,Normal
SIM_29626,Jhon,Basogun,1979-06-11,72643782244,+2347036581416,Anomaly_Fuzzy
SIM_10645,Paul,Akinwale,1994-11-12,62980252559,+2348017954360,Normal
SIM_34859,Mihcael,Balogu,2005-05-16,45131340444,+2347059960428,Anomaly_Fuzzy
SIM_10058,Agnes,Okonkwo,1986-02-18,87714444057,+2348089500589,Normal
SIM_10380,Benjamin,Obasanjo,1971-06-09,21332219111,+2347033933268,Normal
SIM_10663,Emmanuel,Nnamani,1999-01-13,44053584900,+2349117862781,Normal
SIM_34224,Grace,Ekwueme,05-07-1972,32551657540,+2349034132738,Anomaly_Format
SIM_75895,Danie,Olawale,2005-06-21,79939728143,+2349156772090,Anomaly_Fuzzy
SIM_10449,David,Ekwueme,2007-04-05,22644271426,+2348104057745,Normal
SIM_10100,Mark,Ekwueme,1964-10-14,99438296941,+2348123241814,Normal
SIM_96313,Victoria,Ekwueme,2006-04-04,95274627571,+2348102716525,Anomaly_NIN
SIM_10492,Paul,Olawale,1953-12-18,10591204567,+2349062307452,Normal
SIM_10194,Benjamin,Eze,1990-01-08,83579982005,+2349095052165,Normal
SIM_48698,Comfort,Okafor,2007-10-23,80319342783,+2349137948478,Anomaly_Exact
SIM_10084,Joseph,Chukwu,1990-03-22,20444769043,+2348197172092,Normal
SIM_10083,Charity,Ojo,1958-05-02,99168467220,+2349006011506,Normal
SIM_10599,Michael,Obasanjo,1990-07-15,40546820457,+2347022206437,Normal
SIM_10652,Peace,Okonkwo,1988-05-19,73881586907,+2347011580595,Normal
SIM_91950,Hope,Uche,1990-06-19,88417483106,+2348030129473,Anomaly_NIN
SIM_81952,Juilet,Adetjkunbo,1993-08-28,25455451025,+2349033372211,Anomaly_Fuzzy
SIM_52846,Ntahaniel,Ooj,2002-03-07,36317215099,+2349007286917,Anomaly_Fuzzy
SIM_46864,Juliet,Olawale,1960-02-07,39075459796,+2349162615435,Anomaly_Identity_Mismatch
SIM_10330,Daniel,Ekwueme,1992-03-29,63494022306,+2349061720077,Normal
SIM_42950,Philip,Adeyemi,08-11-1966,52387732027,+2349188428441,Anomaly_Format
SIM_10031,Mary,Adeyemi,1960-12-18,63622014366,+2348133254371,Normal
SIM_97125,Grace,Balogun,2004-03-12,86187943560,+2347095900738,Anomaly_Exact
SIM_33164,Comfort,Abiola,1994-02-06,70677027673,+2347067249590,Anomaly_NIN
SIM_52921,Patience,Ekwueme,1992-01-25,38388030660,+2349174099329,Anomaly_Identity_Mismatch
SIM_10024,Patience,Obi,1970-07-26,51618752723,+2347059620832,Normal
SIM_40087,Charity,Uche,1996-03-06,35198434022,+2348086199677,Anomaly_Exact
SIM_10680,Victoria,Ekwueme,2006-04-04,91274627571,+2348102716525,Normal
SIM_55865,Saran,Chukw,1966-08-24,97569663952,+2348179315975,Anomaly_Fuzzy
SIM_10027,Gabriel,Akinwale,1994-12-29,56921017989,+2347015725441,Normal
SIM_21862,Jcy,jOo,1952-12-03,48435722373,+2348084663646,Anomaly_Fuzzy
SIM_10011,Deborah,Ogunleye,1964-04-14,86402280227,+2348086117160,Normal
SIM_97396,Hnpe,oze,1958-04-19,11366162196,+2349043069991,Anomaly_Fuzzy
SIM_10033,Nathaniel,Olawale,1959-09-26,51787485139,+2349046540935,Normal
SIM_10030,Comfort,Okafor,1991-12-19,47484014556,+2349003879517,Normal
SIM_10345,Gabriel,Ogunleye,1973-05-22,31086291422,+2348065304135,Normal
SIM_39125,Cornelius,Abiola,1997-08-05,71775631799,+2349171235939,Anomaly_NIN
SIM_10282,Ruth,Nnamani,1977-07-31,73193008687,+2348185738447,Normal
SIM_10697,Angela,Ekwueme,1947-09-29,74448730108,+2348138587456,Normal
SIM_10168,Elizabeth,Obasanjo,1958-04-24,25959391582,+2347093440896,Normal
SIM_10471,Ruth,Abiola,2000-09-14,87186701202,+2347072622737,Normal
SIM_10329,Juliet,Uche,1975-04-06,13388926991,+2349002066078,Normal
SIM_43660,oJseph,Okafo,1958-05-31,83312630856,+2349019752498,Anomaly_Fuzzy
SIM_89841,Angela,Oshodi,30-06-1979,72483594107,+2349041740139,Anomaly_Format
SIM_10082,Charity,Okafor,1998-10-08,61868299047,+2348075651837,Normal
SIM_10559,Ruth,Adetokunbo,1981-01-12,76869262423,+2347098309379,Normal
SIM_10649,Benjamin,Ojo,1988-11-09,31824835472,+2348051023733,Normal
SIM_84469,Peter,Ojo,1995-05-12,58869237737,+2347097977450,Anomaly_Exact
SIM_10432,Simon,Ogunleye,1996-03-29,21072622769,+2349179242634,Normal
SIM_10073,Benjamin,Okafor,1949-09-25,92885016171,+2349021378547,Normal
SIM_10452,Cornelius,Oshodi,1953-04-12,57183452964,+2348060635684,Normal
SIM_10639,Grace,Eze,1954-09-28,25262370942,+2347047290378,Normal
SIM_10151,Sarah,Okonkwo,1957-08-01,35246342738,+2349011068025,Normal
SIM_63260,Elizabeth,Obasanjo,24-04-1958,25959391582,+2347093440896,Anomaly_Format
SIM_10091,James,Ojo,1957-11-11,73239807498,+2347010754894,Normal
SIM_10651,Daniel,Oshodi,1985-12-26,73120566768,+2349081440365,Normal
SIM_94261,Comfort,Akinwale,1963-04-04,53021503752,+2349023963348,Anomaly_Exact
SIM_10225,Emmanuel,Adetokunbo,1968-04-01,60652920546,+2348096409817,Normal
SIM_83077,Patiznce,Olawal,1981-03-05,20374445130,+2349053866966,Anomaly_Fuzzy
SIM_63749,Paul,Oshodi,1994-02-21,71347723467,+2347035148090,Anomaly_NIN
SIM_10143,Patience,Obasanjo,1982-12-23,57504109862,+2349018992801,Normal
SIM_10210,Nathaniel,Ogunleye,1967-02-18,63889131077,+2348185060800,Normal
SIM_71736,Paul,Nnamani,1997-04-07,95312616566,+2348137736588,Anomaly_NIN
SIM_77337,Andrew,Abiola,1963-05-21,16968011861,+2348147606801,Anomaly_NIN
SIM_10502,Sarah,Chukwu,1966-08-24,97569663952,+2348179315975,Normal
SIM_10437,Charity,Uche,1996-03-06,35198434022,+2348086199677,Normal
SIM_10045,David,Adetokunbo,1971-05-07,52430751725,+2349159247636,Normal
SIM_10182,Ruth,Oyekan,1989-12-05,70067987552,+2349003228287,Normal
SIM_58365,Grace,Eze,1954-09-28,25262670942,+2347047290378,Anomaly_NIN
SIM_10139,Esther,Akinwale,1993-05-25,59264424157,+2348134647386,Normal
SIM_10562,Grace,Obi,1950-07-29,25753116493,+2349062821990,Normal
SIM_10340,Esther,Balogun,1957-09-22,38971194840,+2348051181846,Normal
SIM_10267,Esther,Okafor,1996-06-12,75481939891,+2347015796820,Normal
SIM_10265,Mary,Okafor,2001-11-27,11770762225,+2348090589530,Normal
SIM_10095,Peace,Okonkwo,1951-09-22,62981162165,+2348185943319,Normal
SIM_10550,Peter,Ojo,1946-08-26,98124793964,+2348048227932,Normal
SIM_10537,Andrew,Ibrahim,1953-02-13,55710752779,+2348128726442,Normal
SIM_10347,Victoria,Akinwale,1947-11-16,69559448775,+2349095625121,Normal
SIM_10085,Deborah,Nnamani,1974-03-15,23053323099,+2347071585803,Normal
SIM_10565,Joy,Nnamani,1994-11-16,92250745536,+2348101331976,Normal
SIM_97553,Patience,Akinwale,26-09-2006,57032616644,+2348108105140,Anomaly_Format
SIM_10247,Daniel,Obi,1966-07-17,77756741755,+2349102484014,Normal
SIM_10075,Comfort,Okafor,1985-06-02,47331688872,+2347072618604,Normal
SIM_84638,Gloria,Okafor,1975-01-05,61600777264,+2349062745700,Anomaly_Identity_Mismatch
SIM_10556,Gabriel,Oyekan,1976-09-07,95426796360,+2348069490251,Normal
SIM_10621,Charity,Abiola,1970-05-29,30102525716,+2348006048495,Normal
SIM_28558,Andrew,Ibrahim,1953-02-13,55710752759,+2348128726442,Anomaly_NIN
SIM_10520,Faith,Oyekan,1991-04-23,68845474614,+2348196375069,Normal
SIM_10051,Deborah,Obi,1976-04-02,19335816357,+2349021155851,Normal
SIM_68611,Stephen,Nnamani,1985-07-23,37266385032,+2349174294862,Anomaly_Identity_Mismatch
SIM_10246,Angela,Oyekan,1996-04-09,62090028624,+2348179862018,Normal
SIM_90182,Patience,Abiola,20-07-1975,14547497209,+2349139420545,Anomaly_Format
SIM_80011,Vitcoria,Ekgueme,2006-04-04,91274627571,+2348102716525,Anomaly_Fuzzy
SIM_10237,Michael,Oshodi,1946-09-11,16290447248,+2348117492092,Normal
SIM_52097,Philip,Chukwu,1978-06-04,95875480953,+2349143923018,Anomaly_Identity_Mismatch
SIM_10551,Blessing,Olawale,2004-01-16,84171867063,+2348030814752,Normal
SIM_10184,Esther,Abiola,1980-02-29,14129736695,+2349131545363,Normal
SIM_10530,Gabriel,Nnamani,1966-08-01,44097598661,+2349001563977,Normal
SIM_10054,Joseph,Uche,2002-08-26,26249692497,+2348197224811,Normal
SIM_10138,James,Balogun,1956-05-16,99828487319,+2349081471317,Normal
SIM_34010,Gabriel,Oyekan,1948-10-05,96698413403,+2349151369098,Anomaly_NIN
SIM_33193,Grace,Chukwu,1973-05-01,11929557828,+2348075099751,Anomaly_Exact
SIM_74293,Stephen,Ojo,1948-05-06,59427080308,+2349130475267,Anomaly_Exact
SIM_10594,Grace,Oyekan,1948-12-09,41727614483,+2348044050760,Normal
SIM_10665,Joseph,Obasanjo,1995-05-29,70882841384,+2347098901994,Normal
SIM_24799,Michael,Balogun,1962-05-31,88701236531,+2348044131605,Anomaly_Identity_Mismatch
SIM_10404,Sarah,Obasanjo,1991-10-10,30924256048,+2349068029511,Normal
SIM_10490,Esther,Olawale,2006-07-28,21431367138,+2348121965386,Normal
SIM_10573,Mary,Eze,1975-04-21,53746112624,+2349187800886,Normal
SIM_10115,Mary,Balogun,1959-04-11,12288505354,+2348001528899,Normal
SIM_21804,Peace,Okonkwo,1951-09-22,62981161165,+2348185943319,Anomaly_NIN
SIM_89581,Nathaniel,Ojo,07-03-2002,36317215099,+2349007286917,Anomaly_Format
SIM_10546,Hope,Ojo,1957-05-01,69672825217,+2349190645619,Normal
SIM_59201,Ruth,Akinwale,1993-11-02,18068943609,+2349001860092,Anomaly_Exact
SIM_30863,Benjamin,Chukwu,1983-05-09,52317794045,+2349017272405,Anomaly_Exact
SIM_10235,Grace,Adetokunbo,1964-04-24,83554316527,+2347042814038,Normal
SIM_10055,Gloria,Oyekan,1958-11-29,51707998461,+2349164732590,Normal
SIM_33449,Comfort,Obasanjo,2003-04-19,66527929437,+2347039913678,Anomaly_Identity_Mismatch
SIM_10129,Joseph,Eze,1963-05-17,46210248046,+2347063087602,Normal
SIM_67578,Peace,Ekwueme,1973-09-02,96855571408,+2348002811255,Anomaly_Exact
SIM_87163,Pteer,Ogunley,1972-09-04,35334022748,+2348008734437,Anomaly_Fuzzy
SIM_10118,Cornelius,Ekwueme,1966-11-22,24158147284,+2349068917374,Normal
